uuid,full_name,target,model_name,campaign,arm_code,rank,design_id,denovo_structure_method,denovo_method_class,sequence_design_method,n_optimization_rounds,optimization_strategies,optimization_strategy_class,final_refine_step,final_sequence_step,was_optimized,used_caliby_any,used_partial_diffusion,predict_redesign_seq_model,predict_redesign_predictor,screen_instrument_in_loop,final_gate_instruments,root_backbone_id,parent_design_id,epitope_or_hotspot_spec,design_target_construct,selection_relaxation_step,n_screens_in_lineage,n_ancestors_in_lineage,pipeline_n_modifying_steps,lineage_capped,fold_class_designed,design_campaign_n_screened,binder_len,lcp_score,esmc_log_likelihood,seq_len,seq_shannon_entropy_bits,seq_longest_homopolymer_run,seq_top1_aa,seq_top1_aa_frac,seq_n_unique_3mers,seq_frac_unique_3mers,seq_max_hydrophobic_frac_w7,seq_n_cys,has_step_lineage,n_steps,workflow,binder_final,kd_nM_final
ca15d0ff-7017-50c4-b2f1-4eb4d34f5c70,mythos_preview_multi_target_trem2_rank01,TREM2,Mythos Preview,multi-target,MythosPreview-multi,1,lin_63437fa547,RFdiffusion3,diffusion,SolubleMPNN,5,predict-and-redesign x5,Predict-&-redesign,,Predict-and-redesign (SolubleMPNN on predicted pose),True,False,False,SolubleMPNN,Protenix (ptxv2 arm),"Protenix (ptxv2), 1 seed per screen","Protenix (ptxv2 arm),ESMFold2 (full),ESMFold2-Fast",bb_e096072452,,,,,5,4,6,False,all-α,,69,444.5146839495935,-1.546875,69,3.1108,2,E,0.2319,64,0.9552,0.8571,0,True,15,mythos_preview_multi,True,0.030545594000000002
8778ffd4-3fa1-5a37-954d-e700232c4df3,mythos_preview_multi_target_trem2_rank02,TREM2,Mythos Preview,multi-target,MythosPreview-multi,2,lin_0c22df8f30,RFdiffusion3,diffusion,SolubleMPNN,3,predict-and-redesign x3,Predict-&-redesign,,Predict-and-redesign (SolubleMPNN on predicted pose),True,False,False,SolubleMPNN,Protenix (ptxv2 arm),"Protenix (ptxv2), 1 seed per screen","Protenix (ptxv2 arm),ESMFold2 (full),ESMFold2-Fast",bb_e096072452,,,,,4,3,5,False,all-α,,69,508.9757300469528,-1.4140625,69,3.0493,2,E,0.2754,60,0.8955,0.7143,0,True,11,mythos_preview_multi,True,1.4230010934
7ad5a57c-e92b-5cd7-b647-5447ff6381a1,mythos_preview_multi_target_trem2_rank03,TREM2,Mythos Preview,multi-target,MythosPreview-multi,3,lin_461f8710c3,RFdiffusion3,diffusion,SolubleMPNN,3,predict-and-redesign x3,Predict-&-redesign,,Predict-and-redesign (SolubleMPNN on predicted pose),True,False,False,SolubleMPNN,Protenix (ptxv2 arm),"Protenix (ptxv2), 1 seed per screen","Protenix (ptxv2 arm),ESMFold2 (full),ESMFold2-Fast",bb_5b5a79a849,,,,,4,3,5,False,all-α,,87,449.866450368018,-1.6484375,87,3.2121,3,E,0.2414,77,0.9059,0.8571,0,True,11,mythos_preview_multi,True,0.1893756128
3e2d19a6-9b89-5c50-a17e-bb39e76906f4,mythos_preview_multi_target_trem2_rank04,TREM2,Mythos Preview,multi-target,MythosPreview-multi,4,lin_059574d209,RFdiffusion3,diffusion,SolubleMPNN,4,point-mutation scan x3;predict-and-redesign,Mixed,,Predict-and-redesign (SolubleMPNN on predicted pose),True,False,False,SolubleMPNN,Protenix (ptxv2 arm),"Protenix (ptxv2), 1 seed per screen","Protenix (ptxv2 arm),ESMFold2 (full),ESMFold2-Fast",bb_828ba1735f,,,,,4,3,5,False,all-α,,120,1279.0675988936362,-1.359375,120,3.0385,3,E,0.25,101,0.8559,0.7143,0,True,13,mythos_preview_multi,True,0.5326363317
3805de81-6846-5d30-912f-f5e827f67fd9,mythos_preview_multi_target_trem2_rank05,TREM2,Mythos Preview,multi-target,MythosPreview-multi,5,lin_9d05f5331a,RFdiffusion3,diffusion,SolubleMPNN,7,predict-and-redesign x7,Predict-&-redesign,,Predict-and-redesign (SolubleMPNN on predicted pose),True,False,False,SolubleMPNN,Protenix (ptxv2 arm),"Protenix (ptxv2), 1 seed per screen","Protenix (ptxv2 arm),ESMFold2 (full),ESMFold2-Fast",bb_828ba1735f,,,,,7,5,8,False,all-α,,120,1292.7509185750437,-1.40625,120,3.1088,3,E,0.25,96,0.8136,0.8571,0,True,19,mythos_preview_multi,True,0.0462464567
e51ec8a4-e63d-59d5-ad07-1fa37ca8d936,mythos_preview_multi_target_trem2_rank06,TREM2,Mythos Preview,multi-target,MythosPreview-multi,6,lin_ade701fa50,BoltzGen,diffusion,SolubleMPNN,3,predict-and-redesign x3,Predict-&-redesign,,Predict-and-redesign (SolubleMPNN on predicted pose),True,False,False,SolubleMPNN,Protenix (ptxv2 arm),"Protenix (ptxv2), 1 seed per screen","Protenix (ptxv2 arm),ESMFold2 (full),ESMFold2-Fast",bb_b808dbdadd,,,,,4,3,5,False,all-α,,59,942.0227793313588,-1.7421875,59,3.0127,3,A,0.3898,54,0.9474,0.8571,0,True,11,mythos_preview_multi,False,
40e0903b-7776-5cef-88e3-64babefe34ba,mythos_preview_multi_target_trem2_rank07,TREM2,Mythos Preview,multi-target,MythosPreview-multi,7,lin_0f283ced30,RFdiffusion3,diffusion,SolubleMPNN,5,predict-and-redesign x5,Predict-&-redesign,,Predict-and-redesign (SolubleMPNN on predicted pose),True,False,False,SolubleMPNN,Protenix (ptxv2 arm),"Protenix (ptxv2), 1 seed per screen","Protenix (ptxv2 arm),ESMFold2 (full),ESMFold2-Fast",bb_5b5a79a849,,,,,5,4,6,False,all-α,,87,371.81387909397057,-1.5703125,87,3.3098,2,A,0.2069,76,0.8941,0.8571,0,True,15,mythos_preview_multi,True,0.07320044540000001
380402b4-e253-5118-b3e5-3115dbfa5c43,mythos_preview_multi_target_trem2_rank08,TREM2,Mythos Preview,multi-target,MythosPreview-multi,8,lin_ae85085d98,FreeBindCraft (BindCraft),hallucination/AF2-based,SolubleMPNN,3,predict-and-redesign x2;point-mutation scan,Mixed,,Point-mutation scan + refold,True,False,False,SolubleMPNN,Protenix (ptxv2 arm),"Protenix (ptxv2), 1 seed per screen","Protenix (ptxv2 arm),ESMFold2 (full),ESMFold2-Fast",bb_27df7dd200,,,,,4,3,5,False,all-α,,91,466.1037908651165,-1.6953125,91,3.3521,3,E,0.2527,81,0.9101,0.7143,0,True,11,mythos_preview_multi,True,0.3299883926
4609be01-1964-564b-bb2d-ee8e6c9a0649,mythos_preview_multi_target_trem2_rank09,TREM2,Mythos Preview,multi-target,MythosPreview-multi,9,lin_84e5448d15,BoltzGen,diffusion,SolubleMPNN,3,predict-and-redesign x3,Predict-&-redesign,,Predict-and-redesign (SolubleMPNN on predicted pose),True,False,False,SolubleMPNN,Protenix (ptxv2 arm),"Protenix (ptxv2), 1 seed per screen","Protenix (ptxv2 arm),ESMFold2 (full),ESMFold2-Fast",bb_b808dbdadd,,,,,4,3,5,False,all-α,,59,618.3570750454135,-1.46875,59,3.1461,2,A,0.2881,54,0.9474,0.7143,0,True,11,mythos_preview_multi,True,13.3342188576
e5053b77-2748-51e0-935f-b5ab4afcd733,mythos_preview_multi_target_trem2_rank10,TREM2,Mythos Preview,multi-target,MythosPreview-multi,10,lin_5ae082a4b4,FreeBindCraft (BindCraft),hallucination/AF2-based,SolubleMPNN,3,predict-and-redesign x3,Predict-&-redesign,,Predict-and-redesign (SolubleMPNN on predicted pose),True,False,False,SolubleMPNN,Protenix (ptxv2 arm),"Protenix (ptxv2), 1 seed per screen","Protenix (ptxv2 arm),ESMFold2 (full),ESMFold2-Fast",bb_27df7dd200,,,,,4,3,5,False,all-α,,91,355.3717953997367,-1.7265625,91,3.3747,3,L,0.2527,83,0.9326,0.7143,0,True,11,mythos_preview_multi,True,0.23774616040000002
578967c8-6887-5eb4-a6f4-5f66d278c39c,mythos_preview_multi_target_trem2_rank11,TREM2,Mythos Preview,multi-target,MythosPreview-multi,11,lin_45c48bfcf4,FreeBindCraft (BindCraft),hallucination/AF2-based,SolubleMPNN,3,predict-and-redesign x3,Predict-&-redesign,,Predict-and-redesign (SolubleMPNN on predicted pose),True,False,False,SolubleMPNN,Protenix (ptxv2 arm),"Protenix (ptxv2), 1 seed per screen","Protenix (ptxv2 arm),ESMFold2 (full),ESMFold2-Fast",bb_bfaed77db0,,,,,4,3,5,False,all-α,,71,108.6070264983276,-1.3125,71,3.2912,3,E,0.2817,65,0.942,0.5714,0,True,11,mythos_preview_multi,True,0.5109472977
d98ac6c4-2d5d-529c-a5e8-f4ef0d8b36ee,mythos_preview_multi_target_trem2_rank12,TREM2,Mythos Preview,multi-target,MythosPreview-multi,12,lin_3d12693103,FreeBindCraft (BindCraft),hallucination/AF2-based,SolubleMPNN,0,,none,,SolubleMPNN,False,False,False,,,"Protenix (ptxv2), 1 seed per screen","Protenix (ptxv2 arm),ESMFold2 (full),ESMFold2-Fast",bb_d3f3907247,,,,,1,1,2,False,all-α,,115,109.36441066386462,-2.0625,115,3.7982,3,E,0.1565,109,0.9646,0.8571,0,True,5,mythos_preview_multi,True,0.5977727949
a8bf020a-6755-51a7-95a3-3c323b0a6c34,mythos_preview_multi_target_trem2_rank13,TREM2,Mythos Preview,multi-target,MythosPreview-multi,13,lin_fbafc874fa,FreeBindCraft (BindCraft),hallucination/AF2-based,SolubleMPNN,3,predict-and-redesign x3,Predict-&-redesign,,Predict-and-redesign (SolubleMPNN on predicted pose),True,False,False,SolubleMPNN,Protenix (ptxv2 arm),"Protenix (ptxv2), 1 seed per screen","Protenix (ptxv2 arm),ESMFold2 (full),ESMFold2-Fast",bb_309539093b,,,,,4,3,5,False,all-α,,65,7.090625921411604,-1.5859375,65,3.5767,2,E,0.2154,62,0.9841,0.5714,0,True,11,mythos_preview_multi,True,0.3902847404
4337488e-13f6-51c3-afc0-96bcc3b656e3,mythos_preview_multi_target_trem2_rank14,TREM2,Mythos Preview,multi-target,MythosPreview-multi,14,lin_62b4955cc7,FreeBindCraft (BindCraft),hallucination/AF2-based,SolubleMPNN,8,predict-and-redesign x6;point-mutation scan x2,Mixed,,Point-mutation scan + refold,True,False,False,SolubleMPNN,Protenix (ptxv2 arm),"Protenix (ptxv2), 1 seed per screen","Protenix (ptxv2 arm),ESMFold2 (full),ESMFold2-Fast",bb_bfaed77db0,,,,,9,7,10,False,all-α,,71,198.5433490859933,-1.5,71,3.3224,3,E,0.2958,67,0.971,0.5714,0,True,21,mythos_preview_multi,True,4.1879556222
e4ed358c-6d57-5319-9509-57f10050d4fd,mythos_preview_multi_target_trem2_rank15,TREM2,Mythos Preview,multi-target,MythosPreview-multi,15,lin_611d1295f8,FreeBindCraft (BindCraft),hallucination/AF2-based,SolubleMPNN,1,predict-and-redesign,Predict-&-redesign,,Predict-and-redesign (SolubleMPNN on predicted pose),True,False,False,SolubleMPNN,Protenix (ptxv2 arm),"Protenix (ptxv2), 1 seed per screen","Protenix (ptxv2 arm),ESMFold2 (full),ESMFold2-Fast",bb_3ca0e3542f,,,,,2,2,3,False,all-α,,91,729.9689036620945,-1.5390625,91,3.1833,3,E,0.2967,80,0.8989,0.7143,0,True,7,mythos_preview_multi,True,0.274915052
0e67975e-ef47-50c3-9a75-80d00c298069,mythos_preview_multi_target_trem2_rank16,TREM2,Mythos Preview,multi-target,MythosPreview-multi,16,lin_193c94471e,RFdiffusion3,diffusion,SolubleMPNN,0,,none,,SolubleMPNN,False,False,False,,,"Protenix (ptxv2), 1 seed per screen","Protenix (ptxv2 arm),ESMFold2 (full),ESMFold2-Fast",bb_4b141e693d,,,,,1,1,2,False,all-α,,120,1499.2152369583391,-1.3828125,120,3.0,2,A,0.3083,93,0.7881,0.8571,0,True,5,mythos_preview_multi,True,0.493
39da4826-427b-5640-a04c-39807f7adb43,mythos_preview_multi_target_trem2_rank17,TREM2,Mythos Preview,multi-target,MythosPreview-multi,17,lin_0956ca274a,FreeBindCraft (BindCraft),hallucination/AF2-based,SolubleMPNN,0,,none,,SolubleMPNN,False,False,False,,,"Protenix (ptxv2), 1 seed per screen","Protenix (ptxv2 arm),ESMFold2 (full),ESMFold2-Fast",bb_7feb28342c,,,,,1,1,2,False,all-α,,65,60.53672954825253,-1.671875,65,3.5908,2,E,0.2462,63,1.0,0.7143,0,True,5,mythos_preview_multi,True,3.5244975126
5df2728a-8bdb-5b0f-a605-e9556e1416af,mythos_preview_multi_target_trem2_rank18,TREM2,Mythos Preview,multi-target,MythosPreview-multi,18,lin_651750b977,FreeBindCraft (BindCraft),hallucination/AF2-based,SolubleMPNN,0,,none,,SolubleMPNN,False,False,False,,,"Protenix (ptxv2), 1 seed per screen","Protenix (ptxv2 arm),ESMFold2 (full),ESMFold2-Fast",bb_40095afce7,,,,,1,1,2,False,all-α,,112,60.49090426165846,-1.640625,112,3.7151,3,E,0.1786,106,0.9636,0.7143,0,True,5,mythos_preview_multi,True,0.186061891
ed22e9eb-854a-557a-9885-3ea1af51670a,mythos_preview_multi_target_trem2_rank19,TREM2,Mythos Preview,multi-target,MythosPreview-multi,19,lin_74038dff10,PXDesign,diffusion,SolubleMPNN,2,predict-and-redesign x2,Predict-&-redesign,,Predict-and-redesign (SolubleMPNN on predicted pose),True,False,False,SolubleMPNN,Protenix (ptxv2 arm),"Protenix (ptxv2), 1 seed per screen","Protenix (ptxv2 arm),ESMFold2 (full),ESMFold2-Fast",bb_6a596932c4,,,,,3,2,4,False,all-α,,87,89.02756541768646,-1.546875,87,3.53,2,E,0.1954,80,0.9412,0.8571,0,True,9,mythos_preview_multi,True,0.2358752814
fc2dd5de-2f7a-5230-b85b-71af3ae5e81c,mythos_preview_multi_target_trem2_rank20,TREM2,Mythos Preview,multi-target,MythosPreview-multi,20,lin_c7c6b7306f,FreeBindCraft (BindCraft),hallucination/AF2-based,SolubleMPNN,0,,none,,SolubleMPNN,False,False,False,,,"Protenix (ptxv2), 1 seed per screen","Protenix (ptxv2 arm),ESMFold2 (full),ESMFold2-Fast",bb_67c2332f9b,,,,,1,1,2,False,all-α,,93,50.24033082972538,-1.6953125,93,3.5666,3,E,0.2258,89,0.978,0.7143,0,True,5,mythos_preview_multi,True,11.5560764303
b64102d1-88ac-504e-9894-b7c57637e6af,mythos_preview_multi_target_trem2_rank21,TREM2,Mythos Preview,multi-target,MythosPreview-multi,21,lin_9ad3da23f6,FreeBindCraft (BindCraft),hallucination/AF2-based,SolubleMPNN,1,predict-and-redesign,Predict-&-redesign,,Predict-and-redesign (SolubleMPNN on predicted pose),True,False,False,SolubleMPNN,Protenix (ptxv2 arm),"Protenix (ptxv2), 1 seed per screen","Protenix (ptxv2 arm),ESMFold2 (full),ESMFold2-Fast",bb_d3f3907247,,,,,2,2,3,False,all-α,,115,128.10384455318447,-2.03125,115,3.7332,3,E,0.1652,110,0.9735,0.8571,0,True,7,mythos_preview_multi,True,0.4442977041
8a2b90c5-3e1e-5fc2-9c55-7fd5a5ae552d,mythos_preview_multi_target_trem2_rank22,TREM2,Mythos Preview,multi-target,MythosPreview-multi,22,lin_372dc5f4e1,FreeBindCraft (BindCraft),hallucination/AF2-based,SolubleMPNN,1,predict-and-redesign,Predict-&-redesign,,Predict-and-redesign (SolubleMPNN on predicted pose),True,False,False,SolubleMPNN,Protenix (ptxv2 arm),"Protenix (ptxv2), 1 seed per screen","Protenix (ptxv2 arm),ESMFold2 (full),ESMFold2-Fast",bb_707f86ecce,,,,,2,2,3,False,all-α,,118,79.291308281679,-1.59375,118,3.5654,3,E,0.2119,105,0.9052,0.8571,0,True,7,mythos_preview_multi,True,1.3510462879
a723f409-7b92-5a1b-83ce-2691d2bd91f8,mythos_preview_multi_target_trem2_rank23,TREM2,Mythos Preview,multi-target,MythosPreview-multi,23,lin_5d2f590fe5,FreeBindCraft (BindCraft),hallucination/AF2-based,Caliby (SolubleCaliby),0,,none,,Caliby (SolubleCaliby),False,True,False,,,"Protenix (ptxv2), 1 seed per screen","Protenix (ptxv2 arm),ESMFold2 (full),ESMFold2-Fast",bb_707f86ecce,,,,,1,1,2,False,all-α,,118,1.0803285598394463,-1.5234375,118,3.6314,3,E,0.2034,112,0.9655,0.8571,0,True,5,mythos_preview_multi,True,75.2725852484
cea7eadf-09b3-59ac-bac4-84243f8571c2,mythos_preview_multi_target_trem2_rank24,TREM2,Mythos Preview,multi-target,MythosPreview-multi,24,lin_cd6f51a9cc,FreeBindCraft (BindCraft),hallucination/AF2-based,Caliby (SolubleCaliby),0,,none,,Caliby (SolubleCaliby),False,True,False,,,"Protenix (ptxv2), 1 seed per screen","Protenix (ptxv2 arm),ESMFold2 (full),ESMFold2-Fast",bb_afd3f1d658,,,,,1,1,2,False,all-α,,88,0.5147151033846442,-1.828125,88,3.6542,3,E,0.2273,84,0.9767,0.7143,0,True,5,mythos_preview_multi,True,389.2282433742
3ad65a43-1c20-5710-bb3b-6b165b4675cc,mythos_preview_multi_target_trem2_rank25,TREM2,Mythos Preview,multi-target,MythosPreview-multi,25,lin_6ae4b598de,FreeBindCraft (BindCraft),hallucination/AF2-based,Caliby (SolubleCaliby),0,,none,,Caliby (SolubleCaliby),False,True,False,,,"Protenix (ptxv2), 1 seed per screen","Protenix (ptxv2 arm),ESMFold2 (full),ESMFold2-Fast",bb_6211146772,,,,,1,1,2,False,all-α,,71,0.8247420757463467,-1.484375,71,3.5354,3,E,0.1972,67,0.971,0.5714,0,True,5,mythos_preview_multi,True,388.9966640336
cee006c3-45c2-58f4-bb46-c6670b3a8a95,mythos_preview_multi_target_trem2_rank26,TREM2,Mythos Preview,multi-target,MythosPreview-multi,26,lin_9a3c5fc66e,BoltzGen,diffusion,Caliby (SolubleCaliby),0,,none,,Caliby (SolubleCaliby),False,True,False,,,"Protenix (ptxv2), 1 seed per screen","Protenix (ptxv2 arm),ESMFold2 (full),ESMFold2-Fast",bb_88c3422c61,,,,,1,1,2,False,all-α,,64,0.0,-1.4140625,64,3.6599,2,E,0.1562,62,1.0,0.7143,0,True,5,mythos_preview_multi,False,
19f4f769-450b-55bf-991a-6de55b944323,mythos_preview_multi_target_trem2_rank27,TREM2,Mythos Preview,multi-target,MythosPreview-multi,27,lin_f04facb591,BoltzGen,diffusion,Caliby (SolubleCaliby),0,,none,,Caliby (SolubleCaliby),False,True,False,,,"Protenix (ptxv2), 1 seed per screen","Protenix (ptxv2 arm),ESMFold2 (full),ESMFold2-Fast",bb_0b6c42b817,,,,,1,1,2,False,all-α,,85,0.586434189674562,-1.375,85,3.5746,2,E,0.1765,75,0.9036,0.7143,0,True,5,mythos_preview_multi,False,
d87d69a2-37de-5a29-b667-9e9524787f03,mythos_preview_multi_target_trem2_rank28,TREM2,Mythos Preview,multi-target,MythosPreview-multi,28,lin_0ea6476b03,BoltzGen,diffusion,Caliby (SolubleCaliby),0,,none,,Caliby (SolubleCaliby),False,True,False,,,"Protenix (ptxv2), 1 seed per screen","Protenix (ptxv2 arm),ESMFold2 (full),ESMFold2-Fast",bb_aa6f7eda55,,,,none,1,1,2,False,all-α,,67,0.8867321842917156,-1.296875,67,3.4832,2,E,0.1791,58,0.8923,0.7143,0,True,5,mythos_preview_multi,False,
1be9a332-94fd-5a39-8834-a2de03e1ece0,mythos_preview_multi_target_trem2_rank29,TREM2,Mythos Preview,multi-target,MythosPreview-multi,29,lin_b1eebbb4f6,BoltzGen,diffusion,Caliby (SolubleCaliby),0,,none,,Caliby (SolubleCaliby),False,True,False,,,"Protenix (ptxv2), 1 seed per screen","Protenix (ptxv2 arm),ESMFold2 (full),ESMFold2-Fast",bb_88c3422c61,,,,,1,1,2,False,all-α,,64,0.3491023511210971,-1.3828125,64,3.6428,2,E,0.1719,60,0.9677,0.8571,0,True,5,mythos_preview_multi,False,
d0147fd4-ac6d-5c2f-8f98-edc71ae26793,mythos_preview_multi_target_trem2_rank30,TREM2,Mythos Preview,multi-target,MythosPreview-multi,30,lin_322a209d6d,BoltzGen,diffusion,Caliby (SolubleCaliby),0,,none,,Caliby (SolubleCaliby),False,True,False,,,"Protenix (ptxv2), 1 seed per screen","Protenix (ptxv2 arm),ESMFold2 (full),ESMFold2-Fast",bb_54f0191837,,,,,1,1,2,False,all-β,,82,0.0756618662640339,-1.5859375,82,3.6835,3,E,0.1341,77,0.9625,0.7143,0,True,5,mythos_preview_multi,False,
598ef785-2724-5389-bf40-290b6fda90e3,mythos_preview_single_target_trem2_rank01,TREM2,Mythos Preview,single-target,MythosPreview-single,1,lin_87894f2552,RFdiffusion3,diffusion,SolubleMPNN,19,point-mutation scan x19,Point mutagenesis,,Point-mutation scan + refold,True,False,False,,,"Protenix (ptxv2), 1 seed per screen","Protenix (ptxv2 arm),ESMFold2 (full),ESMFold2-Fast",bb_860df8ff3f,,,,,13,2,14,True,all-α,,67,,,67,3.172,3,E,0.2687,60,0.9231,0.5714,0,True,33,mythos_preview_single,True,29.3606876513
87ec145e-7249-562d-ab09-3ed47e4c6044,mythos_preview_single_target_trem2_rank02,TREM2,Mythos Preview,single-target,MythosPreview-single,2,lin_0a22105348,RFdiffusion3,diffusion,SolubleMPNN,6,MPNN resample x6,Predict-&-redesign,,Multi-seed SolubleMPNN resample + refold,True,False,False,,,"Protenix (ptxv2), 1 seed per screen","Protenix (ptxv2 arm),ESMFold2 (full),ESMFold2-Fast",bb_6a1a2bd1cf,,,,,7,7,8,False,all-α,,76,,,76,3.1574,3,E,0.2763,69,0.9324,0.7143,0,True,17,mythos_preview_single,True,1.0959927019
3410e6d1-d7d8-5117-9b0e-360e29686ea7,mythos_preview_single_target_trem2_rank03,TREM2,Mythos Preview,single-target,MythosPreview-single,3,lin_233ea874ff,RFdiffusion3,diffusion,SolubleMPNN,8,MPNN resample x8,Predict-&-redesign,,Multi-seed SolubleMPNN resample + refold,True,False,False,,,"Protenix (ptxv2), 1 seed per screen","Protenix (ptxv2 arm),ESMFold2 (full),ESMFold2-Fast",bb_6a1a2bd1cf,,,,,9,7,10,False,all-α,,76,,,76,3.126,3,E,0.2895,60,0.8108,0.8571,0,True,21,mythos_preview_single,True,1.0358491158
e83866cc-44be-5ece-9f90-1de92fb44266,mythos_preview_single_target_trem2_rank04,TREM2,Mythos Preview,single-target,MythosPreview-single,4,lin_4799862079,Proteina-Complexa,flow/other,SolubleMPNN,0,,none,,SolubleMPNN,False,False,False,,,"Protenix (ptxv2), 1 seed per screen","Protenix (ptxv2 arm),ESMFold2 (full),ESMFold2-Fast",bb_abb99afe20,,,,,1,1,2,False,all-α,,93,,,93,3.0969,3,E,0.3011,81,0.8901,0.7143,0,True,5,mythos_preview_single,True,0.3570132026
fd9c97bf-c823-5ba0-8902-ff1dce464f9e,mythos_preview_single_target_trem2_rank05,TREM2,Mythos Preview,single-target,MythosPreview-single,5,lin_3fe1fe16fa,RFdiffusion3,diffusion,SolubleMPNN,0,,none,,SolubleMPNN,False,False,False,,,"Protenix (ptxv2), 1 seed per screen","Protenix (ptxv2 arm),ESMFold2 (full),ESMFold2-Fast",bb_db372b7b9c,,,,,1,1,2,False,all-α,,76,,,76,3.0985,3,E,0.3026,64,0.8649,0.7143,0,True,5,mythos_preview_single,True,0.18861413
d5de4a4f-b556-57e9-af9c-436dade773a7,mythos_preview_single_target_trem2_rank06,TREM2,Mythos Preview,single-target,MythosPreview-single,6,lin_5ff8e19af1,PXDesign,diffusion,SolubleMPNN,16,point-mutation scan x16,Point mutagenesis,,Point-mutation scan + refold,True,False,False,,,"Protenix (ptxv2), 1 seed per screen","Protenix (ptxv2 arm),ESMFold2 (full),ESMFold2-Fast",bb_5aae4c6c7a,,,,,13,3,14,True,all-α,,70,,,70,3.2917,2,E,0.2143,66,0.9706,0.8571,0,True,33,mythos_preview_single,True,1.1844373437
24bfdd90-3802-5cac-b3ed-b5f18bd129a7,mythos_preview_single_target_trem2_rank07,TREM2,Mythos Preview,single-target,MythosPreview-single,7,lin_5588558f2f,RFdiffusion3,diffusion,SolubleMPNN,2,MPNN resample x2,Predict-&-redesign,,Multi-seed SolubleMPNN resample + refold,True,False,False,,,"Protenix (ptxv2), 1 seed per screen","Protenix (ptxv2 arm),ESMFold2 (full),ESMFold2-Fast",bb_db372b7b9c,,,,,3,3,4,False,all-α,,76,,,76,3.1245,3,E,0.2632,67,0.9054,0.7143,0,True,9,mythos_preview_single,True,0.2141540411
fd90ee6a-c2df-56d4-bbb7-14e72e79d22c,mythos_preview_single_target_trem2_rank08,TREM2,Mythos Preview,single-target,MythosPreview-single,8,lin_eae100703a,RFdiffusion3,diffusion,SolubleMPNN,3,MPNN resample x3,Predict-&-redesign,,Multi-seed SolubleMPNN resample + refold,True,False,False,,,"Protenix (ptxv2), 1 seed per screen","Protenix (ptxv2 arm),ESMFold2 (full),ESMFold2-Fast",bb_9e854f3762,,,,,4,4,5,False,all-α,,76,,,76,3.4148,3,E,0.3026,69,0.9324,0.8571,0,True,11,mythos_preview_single,True,0.5553031380000001
e9b30317-0db7-5af0-aefb-c7e84c7e7df4,mythos_preview_single_target_trem2_rank09,TREM2,Mythos Preview,single-target,MythosPreview-single,9,lin_fe96394d7c,RFdiffusion3,diffusion,SolubleMPNN,5,MPNN resample x5,Predict-&-redesign,,Multi-seed SolubleMPNN resample + refold,True,False,False,,,"Protenix (ptxv2), 1 seed per screen","Protenix (ptxv2 arm),ESMFold2 (full),ESMFold2-Fast",bb_9e854f3762,,,,,6,5,7,False,all-α,,76,,,76,3.4386,3,E,0.2632,70,0.9459,0.8571,0,True,15,mythos_preview_single,True,0.1884172794
fe730c55-b30c-5d4d-9f57-85a652ee3829,mythos_preview_single_target_trem2_rank10,TREM2,Mythos Preview,single-target,MythosPreview-single,10,lin_8054c55e15,RFdiffusion3,diffusion,SolubleMPNN,0,,none,,SolubleMPNN,False,False,False,,,"Protenix (ptxv2), 1 seed per screen","Protenix (ptxv2 arm),ESMFold2 (full),ESMFold2-Fast",bb_19e78e70ae,,,,,1,1,2,False,all-α,,63,,,63,3.2149,3,A,0.2698,60,0.9836,0.8571,0,True,5,mythos_preview_single,True,149.0
b030a3fa-512d-5ac2-85a0-1db030995975,mythos_preview_single_target_trem2_rank11,TREM2,Mythos Preview,single-target,MythosPreview-single,11,lin_b54cc24f29,RFdiffusion3,diffusion,SolubleMPNN,2,MPNN resample x2,Predict-&-redesign,,Multi-seed SolubleMPNN resample + refold,True,False,False,,,"Protenix (ptxv2), 1 seed per screen","Protenix (ptxv2 arm),ESMFold2 (full),ESMFold2-Fast",bb_a99e41e355,,,,,3,3,4,False,all-α,,78,,,78,3.159,4,A,0.2692,71,0.9342,0.8571,0,True,9,mythos_preview_single,True,1.06
389ed403-f0b3-5169-aad8-de82126219c1,mythos_preview_single_target_trem2_rank12,TREM2,Mythos Preview,single-target,MythosPreview-single,12,lin_98588b6367,PXDesign,diffusion,SolubleMPNN,3,MPNN resample x3,Predict-&-redesign,,Multi-seed SolubleMPNN resample + refold,True,False,False,,,"Protenix (ptxv2), 1 seed per screen","Protenix (ptxv2 arm),ESMFold2 (full),ESMFold2-Fast",bb_dd1aec138d,,,,,4,4,5,False,all-α,,70,,,70,2.9626,3,E,0.3,60,0.8824,0.5714,0,True,11,mythos_preview_single,True,0.18962334190000002
a5dccbd2-9bda-5a80-98fb-6a3c08054a83,mythos_preview_single_target_trem2_rank13,TREM2,Mythos Preview,single-target,MythosPreview-single,13,lin_ed09feb4c3,RFdiffusion3,diffusion,SolubleMPNN,0,,none,,SolubleMPNN,False,False,False,,,"Protenix (ptxv2), 1 seed per screen","Protenix (ptxv2 arm),ESMFold2 (full),ESMFold2-Fast",bb_860df8ff3f,,,,,1,1,2,False,all-α,,67,,,67,3.2355,2,E,0.2239,59,0.9077,0.7143,0,True,5,mythos_preview_single,True,127.6717178016
1b9fe1ef-16f5-5218-a5a0-64aee5f6f043,mythos_preview_single_target_trem2_rank14,TREM2,Mythos Preview,single-target,MythosPreview-single,14,lin_bc8a3335ea,PXDesign,diffusion,SolubleMPNN,2,MPNN resample x2,Predict-&-redesign,,Multi-seed SolubleMPNN resample + refold,True,False,False,,,"Protenix (ptxv2), 1 seed per screen","Protenix (ptxv2 arm),ESMFold2 (full),ESMFold2-Fast",bb_dd1aec138d,,,,,3,2,4,False,all-α,,70,,,70,2.914,3,E,0.2857,60,0.8824,0.5714,0,True,9,mythos_preview_single,True,0.1843415001
a9ef8563-29c3-5986-853a-57b74dda0016,mythos_preview_single_target_trem2_rank15,TREM2,Mythos Preview,single-target,MythosPreview-single,15,lin_32c55aeee2,PXDesign,diffusion,SolubleMPNN,0,,none,,SolubleMPNN,False,False,False,,,"Protenix (ptxv2), 1 seed per screen","Protenix (ptxv2 arm),ESMFold2 (full),ESMFold2-Fast",bb_826b914a28,,,,,1,1,2,False,all-α,,70,,,70,3.2191,3,E,0.2857,66,0.9706,0.7143,0,True,5,mythos_preview_single,True,0.11782085410000001
87bb2a3c-623a-5474-8cd3-65a60258e48b,mythos_preview_single_target_trem2_rank16,TREM2,Mythos Preview,single-target,MythosPreview-single,16,lin_471a09e204,RFdiffusion3,diffusion,SolubleMPNN,1,MPNN resample,Predict-&-redesign,,Multi-seed SolubleMPNN resample + refold,True,False,False,,,"Protenix (ptxv2), 1 seed per screen","Protenix (ptxv2 arm),ESMFold2 (full),ESMFold2-Fast",bb_a99e41e355,,,,,2,2,3,False,all-α,,78,,,78,3.1275,3,E,0.2436,67,0.8816,0.5714,0,True,7,mythos_preview_single,True,7.8905288194
a4148fe2-751e-533a-a50e-f70879de6cc1,mythos_preview_single_target_trem2_rank17,TREM2,Mythos Preview,single-target,MythosPreview-single,17,lin_ab971330a1,Proteina-Complexa,flow/other,SolubleMPNN,0,,none,,SolubleMPNN,False,False,False,,,"Protenix (ptxv2), 1 seed per screen","Protenix (ptxv2 arm),ESMFold2 (full),ESMFold2-Fast",bb_abb99afe20,,,,,1,1,2,False,all-α,,93,,,93,3.1805,3,E,0.3011,76,0.8352,0.7143,0,True,5,mythos_preview_single,True,8.1001433293
9be158f0-34b0-5906-9028-a8ad64649d82,mythos_preview_single_target_trem2_rank18,TREM2,Mythos Preview,single-target,MythosPreview-single,18,lin_bcbdc17d34,RFdiffusion3,diffusion,SolubleMPNN,0,,none,,SolubleMPNN,False,False,False,,,"Protenix (ptxv2), 1 seed per screen","Protenix (ptxv2 arm),ESMFold2 (full),ESMFold2-Fast",bb_19e78e70ae,,,,,1,1,2,False,all-α,,63,,,63,3.4183,3,E,0.2222,57,0.9344,0.5714,0,True,5,mythos_preview_single,True,337.5133438628
1b667536-e09f-5e5b-bd8e-2cc05b0e4fc0,mythos_preview_single_target_trem2_rank19,TREM2,Mythos Preview,single-target,MythosPreview-single,19,lin_c31925046a,PXDesign,diffusion,SolubleMPNN,5,MPNN resample x5,Predict-&-redesign,,Multi-seed SolubleMPNN resample + refold,True,False,False,,,"Protenix (ptxv2), 1 seed per screen","Protenix (ptxv2 arm),ESMFold2 (full),ESMFold2-Fast",bb_5aae4c6c7a,,,,,6,4,7,False,all-α,,70,,,70,3.1502,3,E,0.2571,64,0.9412,0.7143,0,True,15,mythos_preview_single,True,0.0665324999
2c0e94ab-da47-56cc-9594-74615c1c7aff,mythos_preview_single_target_trem2_rank20,TREM2,Mythos Preview,single-target,MythosPreview-single,20,lin_924efe71f8,PXDesign,diffusion,SolubleMPNN,0,,none,,SolubleMPNN,False,False,False,,,"Protenix (ptxv2), 1 seed per screen","Protenix (ptxv2 arm),ESMFold2 (full),ESMFold2-Fast",bb_6aa6317478,,,,,1,1,2,False,all-α,,70,,,70,3.0706,3,E,0.2714,60,0.8824,0.8571,0,True,5,mythos_preview_single,True,0.3624693603
52e837de-0120-501e-8219-f9c4b7575a0c,mythos_preview_single_target_trem2_rank21,TREM2,Mythos Preview,single-target,MythosPreview-single,21,lin_099b285618,PXDesign,diffusion,SolubleMPNN,2,MPNN resample x2,Predict-&-redesign,,Multi-seed SolubleMPNN resample + refold,True,False,False,,,"Protenix (ptxv2), 1 seed per screen","Protenix (ptxv2 arm),ESMFold2 (full),ESMFold2-Fast",bb_94c3f7d23c,,,,,3,3,4,False,all-α,,60,,,60,2.8736,3,E,0.3167,54,0.931,0.4286,0,True,9,mythos_preview_single,True,6.4142307638
0732d071-ced9-531e-879f-727cf5a851d3,mythos_preview_single_target_trem2_rank22,TREM2,Mythos Preview,single-target,MythosPreview-single,22,lin_8c97040ca6,PXDesign,diffusion,SolubleMPNN,2,MPNN resample x2,Predict-&-redesign,,Multi-seed SolubleMPNN resample + refold,True,False,False,,,"Protenix (ptxv2), 1 seed per screen","Protenix (ptxv2 arm),ESMFold2 (full),ESMFold2-Fast",bb_d2c8ac3283,,,,,3,3,4,False,all-α,,70,,,70,3.0989,3,E,0.2429,61,0.8971,0.8571,0,True,9,mythos_preview_single,True,0.7357346211
b957726a-3d12-5664-b710-0ae53bd88907,mythos_preview_single_target_trem2_rank23,TREM2,Mythos Preview,single-target,MythosPreview-single,23,lin_0da29c8f9d,RFdiffusion3,diffusion,SolubleMPNN,1,point-mutation scan,Point mutagenesis,,Point-mutation scan + refold,True,False,False,,,"Protenix (ptxv2), 1 seed per screen","Protenix (ptxv2 arm),ESMFold2 (full),ESMFold2-Fast",bb_3b3af54d2c,,,,,2,2,3,False,all-α,,78,,,78,2.7766,3,A,0.3205,63,0.8289,0.8571,0,True,7,mythos_preview_single,True,11.1081225085
872cb5f3-3ad2-51c2-b52e-8d10881d6026,mythos_preview_single_target_trem2_rank24,TREM2,Mythos Preview,single-target,MythosPreview-single,24,lin_61d324cd34,PXDesign,diffusion,SolubleMPNN,1,point-mutation scan,Point mutagenesis,,Point-mutation scan + refold,True,False,False,,,"Protenix (ptxv2), 1 seed per screen","Protenix (ptxv2 arm),ESMFold2 (full),ESMFold2-Fast",bb_e82b4c4d28,,,,,2,2,3,False,all-α,,70,,,70,3.3589,3,E,0.2714,63,0.9265,0.5714,0,True,7,mythos_preview_single,True,5.1077716073
f4accc4e-c19d-591d-88d2-92bebc62b1d2,mythos_preview_single_target_trem2_rank25,TREM2,Mythos Preview,single-target,MythosPreview-single,25,lin_0c1dfe7f1b,FreeBindCraft (BindCraft),hallucination/AF2-based,designed jointly by the structure model (native co-design),0,,none,,FreeBindCraft (BindCraft) (sequence co-designed by structure model),False,False,False,,,"Protenix (ptxv2), 1 seed per screen","Protenix (ptxv2 arm),ESMFold2 (full),ESMFold2-Fast",bb_cf7865519a,,,,,1,1,2,False,all-α,,62,,,62,3.6912,4,E,0.1774,58,0.9667,0.8571,0,True,5,mythos_preview_single,True,490.0
6d95f4ed-2d05-5499-bf22-3e854d0ea6ee,mythos_preview_single_target_trem2_rank26,TREM2,Mythos Preview,single-target,MythosPreview-single,26,lin_22e1b1824c,FreeBindCraft (BindCraft),hallucination/AF2-based,designed jointly by the structure model (native co-design),0,,none,,FreeBindCraft (BindCraft) (sequence co-designed by structure model),False,False,False,,,"Protenix (ptxv2), 1 seed per screen","Protenix (ptxv2 arm),ESMFold2 (full),ESMFold2-Fast",bb_75ae16884d,,,,,1,1,2,False,all-α,,78,,,78,3.7389,3,A,0.1667,75,0.9868,1.0,0,True,5,mythos_preview_single,False,
9c0ffcd8-482c-5b99-88d1-4c4dddd8d229,mythos_preview_single_target_trem2_rank27,TREM2,Mythos Preview,single-target,MythosPreview-single,27,lin_0bdf7acde7,FreeBindCraft (BindCraft),hallucination/AF2-based,designed jointly by the structure model (native co-design),0,,none,,FreeBindCraft (BindCraft) (sequence co-designed by structure model),False,False,False,,,"Protenix (ptxv2), 1 seed per screen","Protenix (ptxv2 arm),ESMFold2 (full),ESMFold2-Fast",bb_a34f78af56,,,,,1,1,2,False,all-α,,62,,,62,3.6084,2,E,0.2258,59,0.9833,0.8571,0,True,5,mythos_preview_single,False,
7ab59feb-6d09-5d01-a629-4ba7d2974ed9,mythos_preview_single_target_trem2_rank28,TREM2,Mythos Preview,single-target,MythosPreview-single,28,lin_987b42f25b,FreeBindCraft (BindCraft),hallucination/AF2-based,designed jointly by the structure model (native co-design),0,,none,,FreeBindCraft (BindCraft) (sequence co-designed by structure model),False,False,False,,,"Protenix (ptxv2), 1 seed per screen","Protenix (ptxv2 arm),ESMFold2 (full),ESMFold2-Fast",bb_d58724b883,,,,,1,1,2,False,all-α,,62,,,62,3.7895,3,R,0.1774,60,1.0,1.0,0,True,5,mythos_preview_single,False,
087f5fa7-b851-5172-84f3-c127213e9dc0,mythos_preview_single_target_trem2_rank29,TREM2,Mythos Preview,single-target,MythosPreview-single,29,lin_a1675c2c4b,FreeBindCraft (BindCraft),hallucination/AF2-based,designed jointly by the structure model (native co-design),0,,none,,FreeBindCraft (BindCraft) (sequence co-designed by structure model),False,False,False,,,"Protenix (ptxv2), 1 seed per screen","Protenix (ptxv2 arm),ESMFold2 (full),ESMFold2-Fast",bb_f84465c546,,,,,1,1,2,False,all-α,,80,,,80,3.6936,3,R,0.1875,76,0.9744,0.7143,0,True,5,mythos_preview_single,False,
d4c3b9c9-50bb-5217-88f0-4ef1e82b97d0,mythos_preview_single_target_trem2_rank30,TREM2,Mythos Preview,single-target,MythosPreview-single,30,lin_f55ac09612,FreeBindCraft (BindCraft),hallucination/AF2-based,designed jointly by the structure model (native co-design),0,,none,,FreeBindCraft (BindCraft) (sequence co-designed by structure model),False,False,False,,,"Protenix (ptxv2), 1 seed per screen","Protenix (ptxv2 arm),ESMFold2 (full),ESMFold2-Fast",bb_e27aa77f2d,,,,,1,1,2,False,all-α,,78,,,78,3.5909,3,E,0.2436,75,0.9868,0.7143,0,True,5,mythos_preview_single,False,
7c811f87-9946-57f7-8949-581bc2c8dc4f,opus_4_8_multi_target_trem2_rank01,TREM2,Opus 4.8,multi-target,Opus4.8-multi,1,lin_efde29098d,PXDesign,diffusion,SolubleMPNN,0,,none,,SolubleMPNN,False,False,False,,,"Protenix (ptxv2), 1 seed per screen",,bb_76a18a3d09,,,,,2,1,3,False,all-α,,71,23.54820608375349,-1.5989251136779783,71,3.5414,2,L,0.1831,67,0.971,0.7143,0,True,5,opus_4_8_multi,True,0.0800895677
719ecba0-ac9c-5c09-bd89-3002e9393bee,opus_4_8_multi_target_trem2_rank02,TREM2,Opus 4.8,multi-target,Opus4.8-multi,2,lin_b33cf1c1ba,PXDesign,diffusion,SolubleMPNN,0,,none,,SolubleMPNN,False,False,False,,,"Protenix (ptxv2), 1 seed per screen",,bb_3937d9a175,,,,,2,1,3,False,all-α,,71,80.84135782960348,-1.4607597589492798,71,3.3902,2,E,0.2394,68,0.9855,0.5714,0,True,5,opus_4_8_multi,True,0.5819544737
bad8332b-f6f0-5847-b8dd-01b18bf1ca33,opus_4_8_multi_target_trem2_rank03,TREM2,Opus 4.8,multi-target,Opus4.8-multi,3,lin_d132183d1e,PXDesign,diffusion,SolubleMPNN,0,,none,,SolubleMPNN,False,False,False,,,"Protenix (ptxv2), 1 seed per screen",,bb_76a18a3d09,,,,,2,1,3,False,all-α,,71,23.79817786071898,-1.926217794418335,71,3.6561,2,E,0.1972,69,1.0,0.8571,0,True,5,opus_4_8_multi,True,0.0753492093
8fa3cca4-49c9-5949-8704-b4483efb939b,opus_4_8_multi_target_trem2_rank04,TREM2,Opus 4.8,multi-target,Opus4.8-multi,4,lin_a643718e13,PXDesign,diffusion,SolubleMPNN,0,,none,,SolubleMPNN,False,False,False,,,"Protenix (ptxv2), 1 seed per screen",,bb_89819380d9,,,,,2,1,3,False,all-α,,71,284.2581002299116,-1.51055645942688,71,3.3725,3,E,0.2817,66,0.9565,0.7143,0,True,5,opus_4_8_multi,True,0.5388789612
e543be67-ae7c-5dd1-a9d6-c09af30a57d4,opus_4_8_multi_target_trem2_rank05,TREM2,Opus 4.8,multi-target,Opus4.8-multi,5,lin_5380cb8baf,PXDesign,diffusion,SolubleMPNN,0,,none,,SolubleMPNN,False,False,False,,,"Protenix (ptxv2), 1 seed per screen",,bb_cb73571d64,,,,,2,1,3,False,all-α,,71,149.93233086125798,-1.5382767915725708,71,3.3237,3,E,0.2535,65,0.942,0.5714,0,True,5,opus_4_8_multi,True,1.061969908
c2cbe461-f20b-5453-8e1c-1c85a46e555d,opus_4_8_multi_target_trem2_rank06,TREM2,Opus 4.8,multi-target,Opus4.8-multi,6,lin_a30252d575,Genie3,diffusion,SolubleMPNN,0,,none,,SolubleMPNN,False,False,False,,,"Protenix (ptxv2), 1 seed per screen",,bb_f9bf263ab0,,,,,2,1,3,False,all-α,,85,828.5966968803824,-1.4124765396118164,85,3.1589,3,L,0.2471,72,0.8675,0.7143,0,True,5,opus_4_8_multi,True,38.0243350684
9a575161-8e3b-5d24-8f76-b66ba69e3453,opus_4_8_multi_target_trem2_rank07,TREM2,Opus 4.8,multi-target,Opus4.8-multi,7,lin_21fbc4aed1,PXDesign,diffusion,SolubleMPNN,0,,none,,SolubleMPNN,False,False,False,,,"Protenix (ptxv2), 1 seed per screen",,bb_84e6df951a,,,,,2,1,3,False,all-α,,71,316.1697181615951,-1.533713698387146,71,3.0852,3,L,0.2113,62,0.8986,0.7143,0,True,5,opus_4_8_multi,True,12.6305891615
941c3284-d3f5-5a91-8a30-270c85f66fbd,opus_4_8_multi_target_trem2_rank08,TREM2,Opus 4.8,multi-target,Opus4.8-multi,8,lin_11792d01c8,PXDesign,diffusion,SolubleMPNN,0,,none,,SolubleMPNN,False,False,False,,,"Protenix (ptxv2), 1 seed per screen",,bb_cb73571d64,,,,,2,1,3,False,all-α,,71,150.31023493353428,-1.6083765029907229,71,3.403,2,E,0.2394,64,0.9275,0.5714,0,True,5,opus_4_8_multi,True,2.3968374593
de9cc828-48da-5c9d-b847-f11b8d175425,opus_4_8_multi_target_trem2_rank09,TREM2,Opus 4.8,multi-target,Opus4.8-multi,9,lin_93678e44ba,PXDesign,diffusion,SolubleMPNN,0,,none,,SolubleMPNN,False,False,False,,,"Protenix (ptxv2), 1 seed per screen",,bb_2be5c20411,,,,,2,1,3,False,all-α,,71,138.2527161776016,-1.5749752521514893,71,3.4402,2,L,0.2254,63,0.913,0.7143,1,True,5,opus_4_8_multi,True,732.6201034311
057e4918-bfca-572f-9601-ae7bbe4d90df,opus_4_8_multi_target_trem2_rank10,TREM2,Opus 4.8,multi-target,Opus4.8-multi,10,lin_ef13597318,Genie3,diffusion,SolubleMPNN,0,,none,,SolubleMPNN,False,False,False,,,"Protenix (ptxv2), 1 seed per screen",,bb_f9bf263ab0,,,,,2,1,3,False,all-α,,85,882.2082125800215,-1.2921994924545288,85,2.9681,3,E,0.2824,75,0.9036,0.7143,0,True,5,opus_4_8_multi,True,38.4517779068
2697ce63-13f0-5801-9f2f-02c4441b3077,opus_4_8_multi_target_trem2_rank11,TREM2,Opus 4.8,multi-target,Opus4.8-multi,11,lin_bdf8885792,PXDesign,diffusion,SolubleMPNN,0,,none,,SolubleMPNN,False,False,False,,,"Protenix (ptxv2), 1 seed per screen",,bb_84e6df951a,,,,,2,1,3,False,all-α,,71,369.8326626947854,-1.598369598388672,71,3.1617,2,E,0.2676,64,0.9275,0.5714,1,True,5,opus_4_8_multi,True,3.9928584831
58687f73-a47e-58b2-8207-43cd0e52c16b,opus_4_8_multi_target_trem2_rank12,TREM2,Opus 4.8,multi-target,Opus4.8-multi,12,lin_acbbec0591,Genie3,diffusion,SolubleMPNN,0,,none,,SolubleMPNN,False,False,False,,,"Protenix (ptxv2), 1 seed per screen",,bb_dba1a1bfe3,,,,,2,1,3,False,all-α,,87,273.9827972447376,-1.847375988960266,87,3.4312,2,L,0.2414,76,0.8941,0.7143,0,True,5,opus_4_8_multi,True,4.0144021695
8b60f4cc-6164-514c-81c6-857d6d0b11c4,opus_4_8_multi_target_trem2_rank13,TREM2,Opus 4.8,multi-target,Opus4.8-multi,13,lin_7f0f9b8181,PXDesign,diffusion,SolubleMPNN,0,,none,,SolubleMPNN,False,False,False,,,"Protenix (ptxv2), 1 seed per screen",,bb_89819380d9,,,,,2,1,3,False,all-α,,71,237.5379232099845,-1.4687224626541138,71,3.3182,3,E,0.3099,67,0.971,0.7143,0,True,5,opus_4_8_multi,True,0.5967691366
5bea23e8-09ac-513b-abb9-c7210741f168,opus_4_8_multi_target_trem2_rank14,TREM2,Opus 4.8,multi-target,Opus4.8-multi,14,lin_7facc388d6,PXDesign,diffusion,SolubleMPNN,0,,none,,SolubleMPNN,False,False,False,,,"Protenix (ptxv2), 1 seed per screen",,bb_2be5c20411,,,,,2,1,3,False,all-α,,71,102.40909007206332,-1.664809226989746,71,3.3915,2,E,0.2676,66,0.9565,0.5714,1,True,5,opus_4_8_multi,True,14.0103273567
86756535-afe0-53d2-b505-e06c04c4818a,opus_4_8_multi_target_trem2_rank15,TREM2,Opus 4.8,multi-target,Opus4.8-multi,15,lin_802c39b7ce,PXDesign,diffusion,SolubleMPNN,0,,none,,SolubleMPNN,False,False,False,,,"Protenix (ptxv2), 1 seed per screen",,bb_3937d9a175,,,,,2,1,3,False,all-α,,71,137.39990293375115,-1.69395649433136,71,3.3398,3,E,0.2394,68,0.9855,0.5714,0,True,5,opus_4_8_multi,True,0.9451168358
c3000597-3776-5006-954f-29d115de30f7,opus_4_8_multi_target_trem2_rank16,TREM2,Opus 4.8,multi-target,Opus4.8-multi,16,lin_64f742f895,RFdiffusion3,diffusion,SolubleMPNN,0,,none,,SolubleMPNN,False,False,False,,,"Protenix (ptxv2), 1 seed per screen",,bb_a651b8453b,,,,,2,1,3,False,all-α,,56,23.866242232405607,-1.381379008293152,56,3.5359,3,E,0.2321,52,0.963,0.7143,0,True,5,opus_4_8_multi,True,33.2981012709
30db2496-d41b-57f8-b6af-30d311c5fbe0,opus_4_8_multi_target_trem2_rank17,TREM2,Opus 4.8,multi-target,Opus4.8-multi,17,lin_5e15d1d376,Genie3,diffusion,SolubleMPNN,0,,none,,SolubleMPNN,False,False,False,,,"Protenix (ptxv2), 1 seed per screen",,bb_dba1a1bfe3,,,,,2,1,3,False,all-α,,87,354.25356761660225,-1.8942418098449707,87,3.2877,2,L,0.2414,79,0.9294,0.8571,0,True,5,opus_4_8_multi,True,23.1
553da3c2-bdbb-5784-8dc7-afde22c88c5e,opus_4_8_multi_target_trem2_rank18,TREM2,Opus 4.8,multi-target,Opus4.8-multi,18,lin_bcbfa32d35,Genie3,diffusion,SolubleMPNN,0,,none,,SolubleMPNN,False,False,False,,,"Protenix (ptxv2), 1 seed per screen",,bb_07594eb5cb,,,,,2,1,3,False,all-α,,85,801.9573796667627,-1.4344887733459473,85,3.0358,3,A,0.2588,74,0.8916,0.8571,1,True,5,opus_4_8_multi,True,0.161
0a543761-e7c3-57e0-b749-88cae66f7c54,opus_4_8_multi_target_trem2_rank19,TREM2,Opus 4.8,multi-target,Opus4.8-multi,19,lin_1cf84b4104,PXDesign,diffusion,SolubleMPNN,0,,none,,SolubleMPNN,False,False,False,,,"Protenix (ptxv2), 1 seed per screen",,bb_a42e8fc9a7,,,,,1,1,2,False,all-α,,71,689.9460815570488,-1.1804018020629885,71,2.8536,3,A,0.3099,57,0.8261,0.8571,0,True,5,opus_4_8_multi,False,
71bde4d4-2082-548b-ba51-1948cf12ea15,opus_4_8_multi_target_trem2_rank20,TREM2,Opus 4.8,multi-target,Opus4.8-multi,20,lin_8396b6330a,PXDesign,diffusion,SolubleMPNN,0,,none,,SolubleMPNN,False,False,False,,,"Protenix (ptxv2), 1 seed per screen",,bb_f12911933a,,,,,1,1,2,False,all-α,,71,374.4247262110629,-1.5075175762176514,71,3.3228,2,E,0.2254,64,0.9275,0.8571,0,True,5,opus_4_8_multi,True,72.0
3c3738f8-fbf2-5110-9c64-c40ecb19e041,opus_4_8_multi_target_trem2_rank21,TREM2,Opus 4.8,multi-target,Opus4.8-multi,21,lin_35d4b290b5,Genie3,diffusion,SolubleMPNN,0,,none,,SolubleMPNN,False,False,False,,,"Protenix (ptxv2), 1 seed per screen",,bb_07594eb5cb,,,,,2,1,3,False,all-α,,85,680.0846612535205,-1.3930940628051758,85,3.0838,3,E,0.2824,75,0.9036,0.8571,0,True,5,opus_4_8_multi,True,2.3168479325
fcaa2644-257f-5bf1-be19-13439e9a7344,opus_4_8_multi_target_trem2_rank22,TREM2,Opus 4.8,multi-target,Opus4.8-multi,22,lin_6cb30dfa8f,Genie3,diffusion,SolubleMPNN,0,,none,,SolubleMPNN,False,False,False,,,"Protenix (ptxv2), 1 seed per screen",,bb_58d3ed5e56,,,,,2,1,3,False,all-α,,79,383.5915089075156,-1.403234601020813,79,3.4726,3,E,0.2532,72,0.9351,0.8571,0,True,5,opus_4_8_multi,False,
bcab6988-d640-52de-900d-33c4fd3449ae,opus_4_8_multi_target_trem2_rank23,TREM2,Opus 4.8,multi-target,Opus4.8-multi,23,lin_ae28c5b7e9,RFdiffusion3,diffusion,SolubleMPNN,0,,none,,SolubleMPNN,False,False,False,,,"Protenix (ptxv2), 1 seed per screen",,bb_a651b8453b,,,,,2,1,3,False,mixed α/β,,56,25.843859662456715,-1.4756819009780884,56,3.6425,2,E,0.1786,53,0.9815,0.7143,0,True,5,opus_4_8_multi,True,804.026798668
24a04aeb-f53f-57d2-a461-f1230e9ac098,opus_4_8_multi_target_trem2_rank24,TREM2,Opus 4.8,multi-target,Opus4.8-multi,24,lin_9d60b13b7a,PXDesign,diffusion,SolubleMPNN,0,,none,,SolubleMPNN,False,False,False,,,"Protenix (ptxv2), 1 seed per screen",,bb_e0c4577299,,,,,1,1,2,False,all-α,,71,224.73079976004888,-1.9377497434616089,71,3.3257,2,A,0.2254,69,1.0,0.7143,0,True,5,opus_4_8_multi,True,1.3752074209
483962cd-6011-5eb2-850e-c71136d27a8d,opus_4_8_multi_target_trem2_rank25,TREM2,Opus 4.8,multi-target,Opus4.8-multi,25,lin_c106d752f6,Genie3,diffusion,SolubleMPNN,0,,none,,SolubleMPNN,False,False,False,,,"Protenix (ptxv2), 1 seed per screen",,bb_481d8cc06a,,,,,1,1,2,False,all-α,,82,1342.8728720360386,-1.1280567646026611,82,2.716,3,E,0.2927,65,0.8125,0.7143,0,True,5,opus_4_8_multi,False,
b595b2d1-0011-59f0-ac8d-fc6c71522a3b,opus_4_8_multi_target_trem2_rank26,TREM2,Opus 4.8,multi-target,Opus4.8-multi,26,lin_b3b4908707,Genie3,diffusion,SolubleMPNN,0,,none,,SolubleMPNN,False,False,False,,,"Protenix (ptxv2), 1 seed per screen",,bb_58d3ed5e56,,,,,2,1,3,False,all-α,,79,362.284466524563,-1.370029091835022,79,3.4711,3,E,0.2532,74,0.961,0.7143,0,True,5,opus_4_8_multi,True,500.0
cd70ff86-7e5b-52cf-99b7-8331822ccf95,opus_4_8_multi_target_trem2_rank27,TREM2,Opus 4.8,multi-target,Opus4.8-multi,27,lin_59f21ec1da,RFdiffusion3,diffusion,SolubleMPNN,0,,none,,SolubleMPNN,False,False,False,,,"Protenix (ptxv2), 1 seed per screen",,bb_ffd34760cb,,,,novelty_rule_relaxed,2,1,3,False,all-α,,86,137.49296208980465,-1.055185317993164,86,3.4149,3,E,0.2326,77,0.9167,0.7143,0,True,5,opus_4_8_multi,False,
259d3571-3dff-5f08-9cc9-087ffcf26887,opus_4_8_multi_target_trem2_rank28,TREM2,Opus 4.8,multi-target,Opus4.8-multi,28,lin_0ea24a3e52,Genie3,diffusion,SolubleMPNN,0,,none,,SolubleMPNN,False,False,False,,,"Protenix (ptxv2), 1 seed per screen",,bb_68c192fd00,,,,,1,1,2,False,all-α,,67,748.7711773718025,-1.434496283531189,67,3.1701,3,E,0.2985,59,0.9077,0.5714,0,True,5,opus_4_8_multi,False,
e3ef1dcc-85f1-588c-8693-e4c06cf83356,opus_4_8_multi_target_trem2_rank29,TREM2,Opus 4.8,multi-target,Opus4.8-multi,29,lin_a493e37290,Genie3,diffusion,SolubleMPNN,0,,none,,SolubleMPNN,False,False,False,,,"Protenix (ptxv2), 1 seed per screen",,bb_2ec0190c84,,,,,1,1,2,False,all-α,,60,185.28912291077177,-1.7152364253997805,60,3.2343,4,E,0.2833,51,0.8793,0.7143,0,True,5,opus_4_8_multi,False,
c9b6daa5-45ad-5052-a4e7-aedefdef196f,opus_4_8_multi_target_trem2_rank30,TREM2,Opus 4.8,multi-target,Opus4.8-multi,30,lin_68b8785859,Genie3,diffusion,SolubleMPNN,0,,none,,SolubleMPNN,False,False,False,,,"Protenix (ptxv2), 1 seed per screen",,bb_25e21d0890,,,,,1,1,2,False,all-α,,59,42.36131109066896,-1.7452667951583862,59,3.3658,3,E,0.2542,54,0.9474,0.7143,0,True,5,opus_4_8_multi,False,
