full_name,workflow,model_name,campaign,rank,binder_final,kd_nM_final,denovo_structure_method,denovo_method_class,sequence_design_method,was_optimized,n_optimization_rounds,optimization_strategies,optimization_strategy_class,used_caliby_any,predict_redesign_seq_model,predict_redesign_predictor,screen_instrument_in_loop,final_gate_instruments,final_refine_step,final_sequence_step,n_steps,pipeline_n_modifying_steps,n_screens_in_lineage,n_ancestors_in_lineage,root_backbone_id,parent_design_id,design_id,fold_class_designed,binder_len,lcp_score,esmc_log_likelihood,seq_shannon_entropy_bits,seq_n_cys,uuid
mythos_preview_multi_target_trem2_rank01,mythos_preview_multi,Mythos Preview,multi-target,1,True,0.030545594,RFdiffusion3,diffusion,SolubleMPNN,True,5,predict-and-redesign x5,Predict-&-redesign,False,SolubleMPNN,Protenix (ptxv2 arm),"Protenix (ptxv2), 1 seed per screen","Protenix (ptxv2 arm),ESMFold2 (full),ESMFold2-Fast",,Predict-and-redesign (SolubleMPNN on predicted pose),15,6,5,4,bb_e096072452,,lin_63437fa547,all-α,69,444.5146839495935,-1.546875,3.1108,0,ca15d0ff-7017-50c4-b2f1-4eb4d34f5c70
mythos_preview_multi_target_trem2_rank02,mythos_preview_multi,Mythos Preview,multi-target,2,True,1.4230010934,RFdiffusion3,diffusion,SolubleMPNN,True,3,predict-and-redesign x3,Predict-&-redesign,False,SolubleMPNN,Protenix (ptxv2 arm),"Protenix (ptxv2), 1 seed per screen","Protenix (ptxv2 arm),ESMFold2 (full),ESMFold2-Fast",,Predict-and-redesign (SolubleMPNN on predicted pose),11,5,4,3,bb_e096072452,,lin_0c22df8f30,all-α,69,508.9757300469528,-1.4140625,3.0493,0,8778ffd4-3fa1-5a37-954d-e700232c4df3
mythos_preview_multi_target_trem2_rank03,mythos_preview_multi,Mythos Preview,multi-target,3,True,0.1893756128,RFdiffusion3,diffusion,SolubleMPNN,True,3,predict-and-redesign x3,Predict-&-redesign,False,SolubleMPNN,Protenix (ptxv2 arm),"Protenix (ptxv2), 1 seed per screen","Protenix (ptxv2 arm),ESMFold2 (full),ESMFold2-Fast",,Predict-and-redesign (SolubleMPNN on predicted pose),11,5,4,3,bb_5b5a79a849,,lin_461f8710c3,all-α,87,449.866450368018,-1.6484375,3.2121,0,7ad5a57c-e92b-5cd7-b647-5447ff6381a1
mythos_preview_multi_target_trem2_rank04,mythos_preview_multi,Mythos Preview,multi-target,4,True,0.5326363317,RFdiffusion3,diffusion,SolubleMPNN,True,4,point-mutation scan x3;predict-and-redesign,Mixed,False,SolubleMPNN,Protenix (ptxv2 arm),"Protenix (ptxv2), 1 seed per screen","Protenix (ptxv2 arm),ESMFold2 (full),ESMFold2-Fast",,Predict-and-redesign (SolubleMPNN on predicted pose),13,5,4,3,bb_828ba1735f,,lin_059574d209,all-α,120,1279.0675988936362,-1.359375,3.0385,0,3e2d19a6-9b89-5c50-a17e-bb39e76906f4
mythos_preview_multi_target_trem2_rank05,mythos_preview_multi,Mythos Preview,multi-target,5,True,0.0462464567,RFdiffusion3,diffusion,SolubleMPNN,True,7,predict-and-redesign x7,Predict-&-redesign,False,SolubleMPNN,Protenix (ptxv2 arm),"Protenix (ptxv2), 1 seed per screen","Protenix (ptxv2 arm),ESMFold2 (full),ESMFold2-Fast",,Predict-and-redesign (SolubleMPNN on predicted pose),19,8,7,5,bb_828ba1735f,,lin_9d05f5331a,all-α,120,1292.7509185750437,-1.40625,3.1088,0,3805de81-6846-5d30-912f-f5e827f67fd9
mythos_preview_multi_target_trem2_rank06,mythos_preview_multi,Mythos Preview,multi-target,6,False,,BoltzGen,diffusion,SolubleMPNN,True,3,predict-and-redesign x3,Predict-&-redesign,False,SolubleMPNN,Protenix (ptxv2 arm),"Protenix (ptxv2), 1 seed per screen","Protenix (ptxv2 arm),ESMFold2 (full),ESMFold2-Fast",,Predict-and-redesign (SolubleMPNN on predicted pose),11,5,4,3,bb_b808dbdadd,,lin_ade701fa50,all-α,59,942.0227793313588,-1.7421875,3.0127,0,e51ec8a4-e63d-59d5-ad07-1fa37ca8d936
mythos_preview_multi_target_trem2_rank07,mythos_preview_multi,Mythos Preview,multi-target,7,True,0.0732004454,RFdiffusion3,diffusion,SolubleMPNN,True,5,predict-and-redesign x5,Predict-&-redesign,False,SolubleMPNN,Protenix (ptxv2 arm),"Protenix (ptxv2), 1 seed per screen","Protenix (ptxv2 arm),ESMFold2 (full),ESMFold2-Fast",,Predict-and-redesign (SolubleMPNN on predicted pose),15,6,5,4,bb_5b5a79a849,,lin_0f283ced30,all-α,87,371.81387909397057,-1.5703125,3.3098,0,40e0903b-7776-5cef-88e3-64babefe34ba
mythos_preview_multi_target_trem2_rank08,mythos_preview_multi,Mythos Preview,multi-target,8,True,0.3299883926,FreeBindCraft (BindCraft),hallucination/AF2-based,SolubleMPNN,True,3,predict-and-redesign x2;point-mutation scan,Mixed,False,SolubleMPNN,Protenix (ptxv2 arm),"Protenix (ptxv2), 1 seed per screen","Protenix (ptxv2 arm),ESMFold2 (full),ESMFold2-Fast",,Point-mutation scan + refold,11,5,4,3,bb_27df7dd200,,lin_ae85085d98,all-α,91,466.1037908651165,-1.6953125,3.3521,0,380402b4-e253-5118-b3e5-3115dbfa5c43
mythos_preview_multi_target_trem2_rank09,mythos_preview_multi,Mythos Preview,multi-target,9,True,13.3342188576,BoltzGen,diffusion,SolubleMPNN,True,3,predict-and-redesign x3,Predict-&-redesign,False,SolubleMPNN,Protenix (ptxv2 arm),"Protenix (ptxv2), 1 seed per screen","Protenix (ptxv2 arm),ESMFold2 (full),ESMFold2-Fast",,Predict-and-redesign (SolubleMPNN on predicted pose),11,5,4,3,bb_b808dbdadd,,lin_84e5448d15,all-α,59,618.3570750454135,-1.46875,3.1461,0,4609be01-1964-564b-bb2d-ee8e6c9a0649
mythos_preview_multi_target_trem2_rank10,mythos_preview_multi,Mythos Preview,multi-target,10,True,0.2377461604,FreeBindCraft (BindCraft),hallucination/AF2-based,SolubleMPNN,True,3,predict-and-redesign x3,Predict-&-redesign,False,SolubleMPNN,Protenix (ptxv2 arm),"Protenix (ptxv2), 1 seed per screen","Protenix (ptxv2 arm),ESMFold2 (full),ESMFold2-Fast",,Predict-and-redesign (SolubleMPNN on predicted pose),11,5,4,3,bb_27df7dd200,,lin_5ae082a4b4,all-α,91,355.3717953997367,-1.7265625,3.3747,0,e5053b77-2748-51e0-935f-b5ab4afcd733
mythos_preview_multi_target_trem2_rank11,mythos_preview_multi,Mythos Preview,multi-target,11,True,0.5109472977,FreeBindCraft (BindCraft),hallucination/AF2-based,SolubleMPNN,True,3,predict-and-redesign x3,Predict-&-redesign,False,SolubleMPNN,Protenix (ptxv2 arm),"Protenix (ptxv2), 1 seed per screen","Protenix (ptxv2 arm),ESMFold2 (full),ESMFold2-Fast",,Predict-and-redesign (SolubleMPNN on predicted pose),11,5,4,3,bb_bfaed77db0,,lin_45c48bfcf4,all-α,71,108.6070264983276,-1.3125,3.2912,0,578967c8-6887-5eb4-a6f4-5f66d278c39c
mythos_preview_multi_target_trem2_rank12,mythos_preview_multi,Mythos Preview,multi-target,12,True,0.5977727949,FreeBindCraft (BindCraft),hallucination/AF2-based,SolubleMPNN,False,0,,none,False,,,"Protenix (ptxv2), 1 seed per screen","Protenix (ptxv2 arm),ESMFold2 (full),ESMFold2-Fast",,SolubleMPNN,5,2,1,1,bb_d3f3907247,,lin_3d12693103,all-α,115,109.36441066386462,-2.0625,3.7982,0,d98ac6c4-2d5d-529c-a5e8-f4ef0d8b36ee
mythos_preview_multi_target_trem2_rank13,mythos_preview_multi,Mythos Preview,multi-target,13,True,0.3902847404,FreeBindCraft (BindCraft),hallucination/AF2-based,SolubleMPNN,True,3,predict-and-redesign x3,Predict-&-redesign,False,SolubleMPNN,Protenix (ptxv2 arm),"Protenix (ptxv2), 1 seed per screen","Protenix (ptxv2 arm),ESMFold2 (full),ESMFold2-Fast",,Predict-and-redesign (SolubleMPNN on predicted pose),11,5,4,3,bb_309539093b,,lin_fbafc874fa,all-α,65,7.090625921411604,-1.5859375,3.5767,0,a8bf020a-6755-51a7-95a3-3c323b0a6c34
mythos_preview_multi_target_trem2_rank14,mythos_preview_multi,Mythos Preview,multi-target,14,True,4.1879556222,FreeBindCraft (BindCraft),hallucination/AF2-based,SolubleMPNN,True,8,predict-and-redesign x6;point-mutation scan x2,Mixed,False,SolubleMPNN,Protenix (ptxv2 arm),"Protenix (ptxv2), 1 seed per screen","Protenix (ptxv2 arm),ESMFold2 (full),ESMFold2-Fast",,Point-mutation scan + refold,21,10,9,7,bb_bfaed77db0,,lin_62b4955cc7,all-α,71,198.5433490859933,-1.5,3.3224,0,4337488e-13f6-51c3-afc0-96bcc3b656e3
mythos_preview_multi_target_trem2_rank15,mythos_preview_multi,Mythos Preview,multi-target,15,True,0.274915052,FreeBindCraft (BindCraft),hallucination/AF2-based,SolubleMPNN,True,1,predict-and-redesign,Predict-&-redesign,False,SolubleMPNN,Protenix (ptxv2 arm),"Protenix (ptxv2), 1 seed per screen","Protenix (ptxv2 arm),ESMFold2 (full),ESMFold2-Fast",,Predict-and-redesign (SolubleMPNN on predicted pose),7,3,2,2,bb_3ca0e3542f,,lin_611d1295f8,all-α,91,729.9689036620945,-1.5390625,3.1833,0,e4ed358c-6d57-5319-9509-57f10050d4fd
mythos_preview_multi_target_trem2_rank16,mythos_preview_multi,Mythos Preview,multi-target,16,True,0.493,RFdiffusion3,diffusion,SolubleMPNN,False,0,,none,False,,,"Protenix (ptxv2), 1 seed per screen","Protenix (ptxv2 arm),ESMFold2 (full),ESMFold2-Fast",,SolubleMPNN,5,2,1,1,bb_4b141e693d,,lin_193c94471e,all-α,120,1499.2152369583391,-1.3828125,3.0,0,0e67975e-ef47-50c3-9a75-80d00c298069
mythos_preview_multi_target_trem2_rank17,mythos_preview_multi,Mythos Preview,multi-target,17,True,3.5244975126,FreeBindCraft (BindCraft),hallucination/AF2-based,SolubleMPNN,False,0,,none,False,,,"Protenix (ptxv2), 1 seed per screen","Protenix (ptxv2 arm),ESMFold2 (full),ESMFold2-Fast",,SolubleMPNN,5,2,1,1,bb_7feb28342c,,lin_0956ca274a,all-α,65,60.53672954825253,-1.671875,3.5908,0,39da4826-427b-5640-a04c-39807f7adb43
mythos_preview_multi_target_trem2_rank18,mythos_preview_multi,Mythos Preview,multi-target,18,True,0.186061891,FreeBindCraft (BindCraft),hallucination/AF2-based,SolubleMPNN,False,0,,none,False,,,"Protenix (ptxv2), 1 seed per screen","Protenix (ptxv2 arm),ESMFold2 (full),ESMFold2-Fast",,SolubleMPNN,5,2,1,1,bb_40095afce7,,lin_651750b977,all-α,112,60.49090426165846,-1.640625,3.7151,0,5df2728a-8bdb-5b0f-a605-e9556e1416af
mythos_preview_multi_target_trem2_rank19,mythos_preview_multi,Mythos Preview,multi-target,19,True,0.2358752814,PXDesign,diffusion,SolubleMPNN,True,2,predict-and-redesign x2,Predict-&-redesign,False,SolubleMPNN,Protenix (ptxv2 arm),"Protenix (ptxv2), 1 seed per screen","Protenix (ptxv2 arm),ESMFold2 (full),ESMFold2-Fast",,Predict-and-redesign (SolubleMPNN on predicted pose),9,4,3,2,bb_6a596932c4,,lin_74038dff10,all-α,87,89.02756541768646,-1.546875,3.53,0,ed22e9eb-854a-557a-9885-3ea1af51670a
mythos_preview_multi_target_trem2_rank20,mythos_preview_multi,Mythos Preview,multi-target,20,True,11.5560764303,FreeBindCraft (BindCraft),hallucination/AF2-based,SolubleMPNN,False,0,,none,False,,,"Protenix (ptxv2), 1 seed per screen","Protenix (ptxv2 arm),ESMFold2 (full),ESMFold2-Fast",,SolubleMPNN,5,2,1,1,bb_67c2332f9b,,lin_c7c6b7306f,all-α,93,50.24033082972538,-1.6953125,3.5666,0,fc2dd5de-2f7a-5230-b85b-71af3ae5e81c
mythos_preview_multi_target_trem2_rank21,mythos_preview_multi,Mythos Preview,multi-target,21,True,0.4442977041,FreeBindCraft (BindCraft),hallucination/AF2-based,SolubleMPNN,True,1,predict-and-redesign,Predict-&-redesign,False,SolubleMPNN,Protenix (ptxv2 arm),"Protenix (ptxv2), 1 seed per screen","Protenix (ptxv2 arm),ESMFold2 (full),ESMFold2-Fast",,Predict-and-redesign (SolubleMPNN on predicted pose),7,3,2,2,bb_d3f3907247,,lin_9ad3da23f6,all-α,115,128.10384455318447,-2.03125,3.7332,0,b64102d1-88ac-504e-9894-b7c57637e6af
mythos_preview_multi_target_trem2_rank22,mythos_preview_multi,Mythos Preview,multi-target,22,True,1.3510462879,FreeBindCraft (BindCraft),hallucination/AF2-based,SolubleMPNN,True,1,predict-and-redesign,Predict-&-redesign,False,SolubleMPNN,Protenix (ptxv2 arm),"Protenix (ptxv2), 1 seed per screen","Protenix (ptxv2 arm),ESMFold2 (full),ESMFold2-Fast",,Predict-and-redesign (SolubleMPNN on predicted pose),7,3,2,2,bb_707f86ecce,,lin_372dc5f4e1,all-α,118,79.291308281679,-1.59375,3.5654,0,8a2b90c5-3e1e-5fc2-9c55-7fd5a5ae552d
mythos_preview_multi_target_trem2_rank23,mythos_preview_multi,Mythos Preview,multi-target,23,True,75.2725852484,FreeBindCraft (BindCraft),hallucination/AF2-based,Caliby (SolubleCaliby),False,0,,none,True,,,"Protenix (ptxv2), 1 seed per screen","Protenix (ptxv2 arm),ESMFold2 (full),ESMFold2-Fast",,Caliby (SolubleCaliby),5,2,1,1,bb_707f86ecce,,lin_5d2f590fe5,all-α,118,1.0803285598394463,-1.5234375,3.6314,0,a723f409-7b92-5a1b-83ce-2691d2bd91f8
mythos_preview_multi_target_trem2_rank24,mythos_preview_multi,Mythos Preview,multi-target,24,True,389.2282433742,FreeBindCraft (BindCraft),hallucination/AF2-based,Caliby (SolubleCaliby),False,0,,none,True,,,"Protenix (ptxv2), 1 seed per screen","Protenix (ptxv2 arm),ESMFold2 (full),ESMFold2-Fast",,Caliby (SolubleCaliby),5,2,1,1,bb_afd3f1d658,,lin_cd6f51a9cc,all-α,88,0.5147151033846442,-1.828125,3.6542,0,cea7eadf-09b3-59ac-bac4-84243f8571c2
mythos_preview_multi_target_trem2_rank25,mythos_preview_multi,Mythos Preview,multi-target,25,True,388.9966640336,FreeBindCraft (BindCraft),hallucination/AF2-based,Caliby (SolubleCaliby),False,0,,none,True,,,"Protenix (ptxv2), 1 seed per screen","Protenix (ptxv2 arm),ESMFold2 (full),ESMFold2-Fast",,Caliby (SolubleCaliby),5,2,1,1,bb_6211146772,,lin_6ae4b598de,all-α,71,0.8247420757463467,-1.484375,3.5354,0,3ad65a43-1c20-5710-bb3b-6b165b4675cc
mythos_preview_multi_target_trem2_rank26,mythos_preview_multi,Mythos Preview,multi-target,26,False,,BoltzGen,diffusion,Caliby (SolubleCaliby),False,0,,none,True,,,"Protenix (ptxv2), 1 seed per screen","Protenix (ptxv2 arm),ESMFold2 (full),ESMFold2-Fast",,Caliby (SolubleCaliby),5,2,1,1,bb_88c3422c61,,lin_9a3c5fc66e,all-α,64,0.0,-1.4140625,3.6599,0,cee006c3-45c2-58f4-bb46-c6670b3a8a95
mythos_preview_multi_target_trem2_rank27,mythos_preview_multi,Mythos Preview,multi-target,27,False,,BoltzGen,diffusion,Caliby (SolubleCaliby),False,0,,none,True,,,"Protenix (ptxv2), 1 seed per screen","Protenix (ptxv2 arm),ESMFold2 (full),ESMFold2-Fast",,Caliby (SolubleCaliby),5,2,1,1,bb_0b6c42b817,,lin_f04facb591,all-α,85,0.586434189674562,-1.375,3.5746,0,19f4f769-450b-55bf-991a-6de55b944323
mythos_preview_multi_target_trem2_rank28,mythos_preview_multi,Mythos Preview,multi-target,28,False,,BoltzGen,diffusion,Caliby (SolubleCaliby),False,0,,none,True,,,"Protenix (ptxv2), 1 seed per screen","Protenix (ptxv2 arm),ESMFold2 (full),ESMFold2-Fast",,Caliby (SolubleCaliby),5,2,1,1,bb_aa6f7eda55,,lin_0ea6476b03,all-α,67,0.8867321842917156,-1.296875,3.4832,0,d87d69a2-37de-5a29-b667-9e9524787f03
mythos_preview_multi_target_trem2_rank29,mythos_preview_multi,Mythos Preview,multi-target,29,False,,BoltzGen,diffusion,Caliby (SolubleCaliby),False,0,,none,True,,,"Protenix (ptxv2), 1 seed per screen","Protenix (ptxv2 arm),ESMFold2 (full),ESMFold2-Fast",,Caliby (SolubleCaliby),5,2,1,1,bb_88c3422c61,,lin_b1eebbb4f6,all-α,64,0.3491023511210971,-1.3828125,3.6428,0,1be9a332-94fd-5a39-8834-a2de03e1ece0
mythos_preview_multi_target_trem2_rank30,mythos_preview_multi,Mythos Preview,multi-target,30,False,,BoltzGen,diffusion,Caliby (SolubleCaliby),False,0,,none,True,,,"Protenix (ptxv2), 1 seed per screen","Protenix (ptxv2 arm),ESMFold2 (full),ESMFold2-Fast",,Caliby (SolubleCaliby),5,2,1,1,bb_54f0191837,,lin_322a209d6d,all-β,82,0.0756618662640339,-1.5859375,3.6835,0,d0147fd4-ac6d-5c2f-8f98-edc71ae26793
mythos_preview_single_target_trem2_rank01,mythos_preview_single,Mythos Preview,single-target,1,True,29.3606876513,RFdiffusion3,diffusion,SolubleMPNN,True,19,point-mutation scan x19,Point mutagenesis,False,,,"Protenix (ptxv2), 1 seed per screen","Protenix (ptxv2 arm),ESMFold2 (full),ESMFold2-Fast",,Point-mutation scan + refold,33,14,13,2,bb_860df8ff3f,,lin_87894f2552,all-α,67,,,3.172,0,598ef785-2724-5389-bf40-290b6fda90e3
mythos_preview_single_target_trem2_rank02,mythos_preview_single,Mythos Preview,single-target,2,True,1.0959927019,RFdiffusion3,diffusion,SolubleMPNN,True,6,MPNN resample x6,Predict-&-redesign,False,,,"Protenix (ptxv2), 1 seed per screen","Protenix (ptxv2 arm),ESMFold2 (full),ESMFold2-Fast",,Multi-seed SolubleMPNN resample + refold,17,8,7,7,bb_6a1a2bd1cf,,lin_0a22105348,all-α,76,,,3.1574,0,87ec145e-7249-562d-ab09-3ed47e4c6044
mythos_preview_single_target_trem2_rank03,mythos_preview_single,Mythos Preview,single-target,3,True,1.0358491158,RFdiffusion3,diffusion,SolubleMPNN,True,8,MPNN resample x8,Predict-&-redesign,False,,,"Protenix (ptxv2), 1 seed per screen","Protenix (ptxv2 arm),ESMFold2 (full),ESMFold2-Fast",,Multi-seed SolubleMPNN resample + refold,21,10,9,7,bb_6a1a2bd1cf,,lin_233ea874ff,all-α,76,,,3.126,0,3410e6d1-d7d8-5117-9b0e-360e29686ea7
mythos_preview_single_target_trem2_rank04,mythos_preview_single,Mythos Preview,single-target,4,True,0.3570132026,Proteina-Complexa,flow/other,SolubleMPNN,False,0,,none,False,,,"Protenix (ptxv2), 1 seed per screen","Protenix (ptxv2 arm),ESMFold2 (full),ESMFold2-Fast",,SolubleMPNN,5,2,1,1,bb_abb99afe20,,lin_4799862079,all-α,93,,,3.0969,0,e83866cc-44be-5ece-9f90-1de92fb44266
mythos_preview_single_target_trem2_rank05,mythos_preview_single,Mythos Preview,single-target,5,True,0.18861413,RFdiffusion3,diffusion,SolubleMPNN,False,0,,none,False,,,"Protenix (ptxv2), 1 seed per screen","Protenix (ptxv2 arm),ESMFold2 (full),ESMFold2-Fast",,SolubleMPNN,5,2,1,1,bb_db372b7b9c,,lin_3fe1fe16fa,all-α,76,,,3.0985,0,fd9c97bf-c823-5ba0-8902-ff1dce464f9e
mythos_preview_single_target_trem2_rank06,mythos_preview_single,Mythos Preview,single-target,6,True,1.1844373437,PXDesign,diffusion,SolubleMPNN,True,16,point-mutation scan x16,Point mutagenesis,False,,,"Protenix (ptxv2), 1 seed per screen","Protenix (ptxv2 arm),ESMFold2 (full),ESMFold2-Fast",,Point-mutation scan + refold,33,14,13,3,bb_5aae4c6c7a,,lin_5ff8e19af1,all-α,70,,,3.2917,0,d5de4a4f-b556-57e9-af9c-436dade773a7
mythos_preview_single_target_trem2_rank07,mythos_preview_single,Mythos Preview,single-target,7,True,0.2141540411,RFdiffusion3,diffusion,SolubleMPNN,True,2,MPNN resample x2,Predict-&-redesign,False,,,"Protenix (ptxv2), 1 seed per screen","Protenix (ptxv2 arm),ESMFold2 (full),ESMFold2-Fast",,Multi-seed SolubleMPNN resample + refold,9,4,3,3,bb_db372b7b9c,,lin_5588558f2f,all-α,76,,,3.1245,0,24bfdd90-3802-5cac-b3ed-b5f18bd129a7
mythos_preview_single_target_trem2_rank08,mythos_preview_single,Mythos Preview,single-target,8,True,0.5553031380000001,RFdiffusion3,diffusion,SolubleMPNN,True,3,MPNN resample x3,Predict-&-redesign,False,,,"Protenix (ptxv2), 1 seed per screen","Protenix (ptxv2 arm),ESMFold2 (full),ESMFold2-Fast",,Multi-seed SolubleMPNN resample + refold,11,5,4,4,bb_9e854f3762,,lin_eae100703a,all-α,76,,,3.4148,0,fd90ee6a-c2df-56d4-bbb7-14e72e79d22c
mythos_preview_single_target_trem2_rank09,mythos_preview_single,Mythos Preview,single-target,9,True,0.1884172794,RFdiffusion3,diffusion,SolubleMPNN,True,5,MPNN resample x5,Predict-&-redesign,False,,,"Protenix (ptxv2), 1 seed per screen","Protenix (ptxv2 arm),ESMFold2 (full),ESMFold2-Fast",,Multi-seed SolubleMPNN resample + refold,15,7,6,5,bb_9e854f3762,,lin_fe96394d7c,all-α,76,,,3.4386,0,e9b30317-0db7-5af0-aefb-c7e84c7e7df4
mythos_preview_single_target_trem2_rank10,mythos_preview_single,Mythos Preview,single-target,10,True,149.0,RFdiffusion3,diffusion,SolubleMPNN,False,0,,none,False,,,"Protenix (ptxv2), 1 seed per screen","Protenix (ptxv2 arm),ESMFold2 (full),ESMFold2-Fast",,SolubleMPNN,5,2,1,1,bb_19e78e70ae,,lin_8054c55e15,all-α,63,,,3.2149,0,fe730c55-b30c-5d4d-9f57-85a652ee3829
mythos_preview_single_target_trem2_rank11,mythos_preview_single,Mythos Preview,single-target,11,True,1.06,RFdiffusion3,diffusion,SolubleMPNN,True,2,MPNN resample x2,Predict-&-redesign,False,,,"Protenix (ptxv2), 1 seed per screen","Protenix (ptxv2 arm),ESMFold2 (full),ESMFold2-Fast",,Multi-seed SolubleMPNN resample + refold,9,4,3,3,bb_a99e41e355,,lin_b54cc24f29,all-α,78,,,3.159,0,b030a3fa-512d-5ac2-85a0-1db030995975
mythos_preview_single_target_trem2_rank12,mythos_preview_single,Mythos Preview,single-target,12,True,0.1896233419,PXDesign,diffusion,SolubleMPNN,True,3,MPNN resample x3,Predict-&-redesign,False,,,"Protenix (ptxv2), 1 seed per screen","Protenix (ptxv2 arm),ESMFold2 (full),ESMFold2-Fast",,Multi-seed SolubleMPNN resample + refold,11,5,4,4,bb_dd1aec138d,,lin_98588b6367,all-α,70,,,2.9626,0,389ed403-f0b3-5169-aad8-de82126219c1
mythos_preview_single_target_trem2_rank13,mythos_preview_single,Mythos Preview,single-target,13,True,127.6717178016,RFdiffusion3,diffusion,SolubleMPNN,False,0,,none,False,,,"Protenix (ptxv2), 1 seed per screen","Protenix (ptxv2 arm),ESMFold2 (full),ESMFold2-Fast",,SolubleMPNN,5,2,1,1,bb_860df8ff3f,,lin_ed09feb4c3,all-α,67,,,3.2355,0,a5dccbd2-9bda-5a80-98fb-6a3c08054a83
mythos_preview_single_target_trem2_rank14,mythos_preview_single,Mythos Preview,single-target,14,True,0.1843415001,PXDesign,diffusion,SolubleMPNN,True,2,MPNN resample x2,Predict-&-redesign,False,,,"Protenix (ptxv2), 1 seed per screen","Protenix (ptxv2 arm),ESMFold2 (full),ESMFold2-Fast",,Multi-seed SolubleMPNN resample + refold,9,4,3,2,bb_dd1aec138d,,lin_bc8a3335ea,all-α,70,,,2.914,0,1b9fe1ef-16f5-5218-a5a0-64aee5f6f043
mythos_preview_single_target_trem2_rank15,mythos_preview_single,Mythos Preview,single-target,15,True,0.1178208541,PXDesign,diffusion,SolubleMPNN,False,0,,none,False,,,"Protenix (ptxv2), 1 seed per screen","Protenix (ptxv2 arm),ESMFold2 (full),ESMFold2-Fast",,SolubleMPNN,5,2,1,1,bb_826b914a28,,lin_32c55aeee2,all-α,70,,,3.2191,0,a9ef8563-29c3-5986-853a-57b74dda0016
mythos_preview_single_target_trem2_rank16,mythos_preview_single,Mythos Preview,single-target,16,True,7.8905288194,RFdiffusion3,diffusion,SolubleMPNN,True,1,MPNN resample,Predict-&-redesign,False,,,"Protenix (ptxv2), 1 seed per screen","Protenix (ptxv2 arm),ESMFold2 (full),ESMFold2-Fast",,Multi-seed SolubleMPNN resample + refold,7,3,2,2,bb_a99e41e355,,lin_471a09e204,all-α,78,,,3.1275,0,87bb2a3c-623a-5474-8cd3-65a60258e48b
mythos_preview_single_target_trem2_rank17,mythos_preview_single,Mythos Preview,single-target,17,True,8.1001433293,Proteina-Complexa,flow/other,SolubleMPNN,False,0,,none,False,,,"Protenix (ptxv2), 1 seed per screen","Protenix (ptxv2 arm),ESMFold2 (full),ESMFold2-Fast",,SolubleMPNN,5,2,1,1,bb_abb99afe20,,lin_ab971330a1,all-α,93,,,3.1805,0,a4148fe2-751e-533a-a50e-f70879de6cc1
mythos_preview_single_target_trem2_rank18,mythos_preview_single,Mythos Preview,single-target,18,True,337.5133438628,RFdiffusion3,diffusion,SolubleMPNN,False,0,,none,False,,,"Protenix (ptxv2), 1 seed per screen","Protenix (ptxv2 arm),ESMFold2 (full),ESMFold2-Fast",,SolubleMPNN,5,2,1,1,bb_19e78e70ae,,lin_bcbdc17d34,all-α,63,,,3.4183,0,9be158f0-34b0-5906-9028-a8ad64649d82
mythos_preview_single_target_trem2_rank19,mythos_preview_single,Mythos Preview,single-target,19,True,0.0665324999,PXDesign,diffusion,SolubleMPNN,True,5,MPNN resample x5,Predict-&-redesign,False,,,"Protenix (ptxv2), 1 seed per screen","Protenix (ptxv2 arm),ESMFold2 (full),ESMFold2-Fast",,Multi-seed SolubleMPNN resample + refold,15,7,6,4,bb_5aae4c6c7a,,lin_c31925046a,all-α,70,,,3.1502,0,1b667536-e09f-5e5b-bd8e-2cc05b0e4fc0
mythos_preview_single_target_trem2_rank20,mythos_preview_single,Mythos Preview,single-target,20,True,0.3624693603,PXDesign,diffusion,SolubleMPNN,False,0,,none,False,,,"Protenix (ptxv2), 1 seed per screen","Protenix (ptxv2 arm),ESMFold2 (full),ESMFold2-Fast",,SolubleMPNN,5,2,1,1,bb_6aa6317478,,lin_924efe71f8,all-α,70,,,3.0706,0,2c0e94ab-da47-56cc-9594-74615c1c7aff
mythos_preview_single_target_trem2_rank21,mythos_preview_single,Mythos Preview,single-target,21,True,6.4142307638,PXDesign,diffusion,SolubleMPNN,True,2,MPNN resample x2,Predict-&-redesign,False,,,"Protenix (ptxv2), 1 seed per screen","Protenix (ptxv2 arm),ESMFold2 (full),ESMFold2-Fast",,Multi-seed SolubleMPNN resample + refold,9,4,3,3,bb_94c3f7d23c,,lin_099b285618,all-α,60,,,2.8736,0,52e837de-0120-501e-8219-f9c4b7575a0c
mythos_preview_single_target_trem2_rank22,mythos_preview_single,Mythos Preview,single-target,22,True,0.7357346211,PXDesign,diffusion,SolubleMPNN,True,2,MPNN resample x2,Predict-&-redesign,False,,,"Protenix (ptxv2), 1 seed per screen","Protenix (ptxv2 arm),ESMFold2 (full),ESMFold2-Fast",,Multi-seed SolubleMPNN resample + refold,9,4,3,3,bb_d2c8ac3283,,lin_8c97040ca6,all-α,70,,,3.0989,0,0732d071-ced9-531e-879f-727cf5a851d3
mythos_preview_single_target_trem2_rank23,mythos_preview_single,Mythos Preview,single-target,23,True,11.1081225085,RFdiffusion3,diffusion,SolubleMPNN,True,1,point-mutation scan,Point mutagenesis,False,,,"Protenix (ptxv2), 1 seed per screen","Protenix (ptxv2 arm),ESMFold2 (full),ESMFold2-Fast",,Point-mutation scan + refold,7,3,2,2,bb_3b3af54d2c,,lin_0da29c8f9d,all-α,78,,,2.7766,0,b957726a-3d12-5664-b710-0ae53bd88907
mythos_preview_single_target_trem2_rank24,mythos_preview_single,Mythos Preview,single-target,24,True,5.1077716073,PXDesign,diffusion,SolubleMPNN,True,1,point-mutation scan,Point mutagenesis,False,,,"Protenix (ptxv2), 1 seed per screen","Protenix (ptxv2 arm),ESMFold2 (full),ESMFold2-Fast",,Point-mutation scan + refold,7,3,2,2,bb_e82b4c4d28,,lin_61d324cd34,all-α,70,,,3.3589,0,872cb5f3-3ad2-51c2-b52e-8d10881d6026
mythos_preview_single_target_trem2_rank25,mythos_preview_single,Mythos Preview,single-target,25,True,490.0,FreeBindCraft (BindCraft),hallucination/AF2-based,designed jointly by the structure model (native co-design),False,0,,none,False,,,"Protenix (ptxv2), 1 seed per screen","Protenix (ptxv2 arm),ESMFold2 (full),ESMFold2-Fast",,FreeBindCraft (BindCraft) (sequence co-designed by structure model),5,2,1,1,bb_cf7865519a,,lin_0c1dfe7f1b,all-α,62,,,3.6912,0,f4accc4e-c19d-591d-88d2-92bebc62b1d2
mythos_preview_single_target_trem2_rank26,mythos_preview_single,Mythos Preview,single-target,26,False,,FreeBindCraft (BindCraft),hallucination/AF2-based,designed jointly by the structure model (native co-design),False,0,,none,False,,,"Protenix (ptxv2), 1 seed per screen","Protenix (ptxv2 arm),ESMFold2 (full),ESMFold2-Fast",,FreeBindCraft (BindCraft) (sequence co-designed by structure model),5,2,1,1,bb_75ae16884d,,lin_22e1b1824c,all-α,78,,,3.7389,0,6d95f4ed-2d05-5499-bf22-3e854d0ea6ee
mythos_preview_single_target_trem2_rank27,mythos_preview_single,Mythos Preview,single-target,27,False,,FreeBindCraft (BindCraft),hallucination/AF2-based,designed jointly by the structure model (native co-design),False,0,,none,False,,,"Protenix (ptxv2), 1 seed per screen","Protenix (ptxv2 arm),ESMFold2 (full),ESMFold2-Fast",,FreeBindCraft (BindCraft) (sequence co-designed by structure model),5,2,1,1,bb_a34f78af56,,lin_0bdf7acde7,all-α,62,,,3.6084,0,9c0ffcd8-482c-5b99-88d1-4c4dddd8d229
mythos_preview_single_target_trem2_rank28,mythos_preview_single,Mythos Preview,single-target,28,False,,FreeBindCraft (BindCraft),hallucination/AF2-based,designed jointly by the structure model (native co-design),False,0,,none,False,,,"Protenix (ptxv2), 1 seed per screen","Protenix (ptxv2 arm),ESMFold2 (full),ESMFold2-Fast",,FreeBindCraft (BindCraft) (sequence co-designed by structure model),5,2,1,1,bb_d58724b883,,lin_987b42f25b,all-α,62,,,3.7895,0,7ab59feb-6d09-5d01-a629-4ba7d2974ed9
mythos_preview_single_target_trem2_rank29,mythos_preview_single,Mythos Preview,single-target,29,False,,FreeBindCraft (BindCraft),hallucination/AF2-based,designed jointly by the structure model (native co-design),False,0,,none,False,,,"Protenix (ptxv2), 1 seed per screen","Protenix (ptxv2 arm),ESMFold2 (full),ESMFold2-Fast",,FreeBindCraft (BindCraft) (sequence co-designed by structure model),5,2,1,1,bb_f84465c546,,lin_a1675c2c4b,all-α,80,,,3.6936,0,087f5fa7-b851-5172-84f3-c127213e9dc0
mythos_preview_single_target_trem2_rank30,mythos_preview_single,Mythos Preview,single-target,30,False,,FreeBindCraft (BindCraft),hallucination/AF2-based,designed jointly by the structure model (native co-design),False,0,,none,False,,,"Protenix (ptxv2), 1 seed per screen","Protenix (ptxv2 arm),ESMFold2 (full),ESMFold2-Fast",,FreeBindCraft (BindCraft) (sequence co-designed by structure model),5,2,1,1,bb_e27aa77f2d,,lin_f55ac09612,all-α,78,,,3.5909,0,d4c3b9c9-50bb-5217-88f0-4ef1e82b97d0
opus_4_8_multi_target_trem2_rank01,opus_4_8_multi,Opus 4.8,multi-target,1,True,0.0800895677,PXDesign,diffusion,SolubleMPNN,False,0,,none,False,,,"Protenix (ptxv2), 1 seed per screen",,,SolubleMPNN,5,3,2,1,bb_76a18a3d09,,lin_efde29098d,all-α,71,23.54820608375349,-1.5989251136779783,3.5414,0,7c811f87-9946-57f7-8949-581bc2c8dc4f
opus_4_8_multi_target_trem2_rank02,opus_4_8_multi,Opus 4.8,multi-target,2,True,0.5819544737,PXDesign,diffusion,SolubleMPNN,False,0,,none,False,,,"Protenix (ptxv2), 1 seed per screen",,,SolubleMPNN,5,3,2,1,bb_3937d9a175,,lin_b33cf1c1ba,all-α,71,80.84135782960348,-1.4607597589492798,3.3902,0,719ecba0-ac9c-5c09-bd89-3002e9393bee
opus_4_8_multi_target_trem2_rank03,opus_4_8_multi,Opus 4.8,multi-target,3,True,0.0753492093,PXDesign,diffusion,SolubleMPNN,False,0,,none,False,,,"Protenix (ptxv2), 1 seed per screen",,,SolubleMPNN,5,3,2,1,bb_76a18a3d09,,lin_d132183d1e,all-α,71,23.79817786071898,-1.926217794418335,3.6561,0,bad8332b-f6f0-5847-b8dd-01b18bf1ca33
opus_4_8_multi_target_trem2_rank04,opus_4_8_multi,Opus 4.8,multi-target,4,True,0.5388789612,PXDesign,diffusion,SolubleMPNN,False,0,,none,False,,,"Protenix (ptxv2), 1 seed per screen",,,SolubleMPNN,5,3,2,1,bb_89819380d9,,lin_a643718e13,all-α,71,284.2581002299116,-1.51055645942688,3.3725,0,8fa3cca4-49c9-5949-8704-b4483efb939b
opus_4_8_multi_target_trem2_rank05,opus_4_8_multi,Opus 4.8,multi-target,5,True,1.061969908,PXDesign,diffusion,SolubleMPNN,False,0,,none,False,,,"Protenix (ptxv2), 1 seed per screen",,,SolubleMPNN,5,3,2,1,bb_cb73571d64,,lin_5380cb8baf,all-α,71,149.93233086125798,-1.5382767915725708,3.3237,0,e543be67-ae7c-5dd1-a9d6-c09af30a57d4
opus_4_8_multi_target_trem2_rank06,opus_4_8_multi,Opus 4.8,multi-target,6,True,38.0243350684,Genie3,diffusion,SolubleMPNN,False,0,,none,False,,,"Protenix (ptxv2), 1 seed per screen",,,SolubleMPNN,5,3,2,1,bb_f9bf263ab0,,lin_a30252d575,all-α,85,828.5966968803824,-1.4124765396118164,3.1589,0,c2cbe461-f20b-5453-8e1c-1c85a46e555d
opus_4_8_multi_target_trem2_rank07,opus_4_8_multi,Opus 4.8,multi-target,7,True,12.6305891615,PXDesign,diffusion,SolubleMPNN,False,0,,none,False,,,"Protenix (ptxv2), 1 seed per screen",,,SolubleMPNN,5,3,2,1,bb_84e6df951a,,lin_21fbc4aed1,all-α,71,316.1697181615951,-1.533713698387146,3.0852,0,9a575161-8e3b-5d24-8f76-b66ba69e3453
opus_4_8_multi_target_trem2_rank08,opus_4_8_multi,Opus 4.8,multi-target,8,True,2.3968374593,PXDesign,diffusion,SolubleMPNN,False,0,,none,False,,,"Protenix (ptxv2), 1 seed per screen",,,SolubleMPNN,5,3,2,1,bb_cb73571d64,,lin_11792d01c8,all-α,71,150.31023493353428,-1.6083765029907229,3.403,0,941c3284-d3f5-5a91-8a30-270c85f66fbd
opus_4_8_multi_target_trem2_rank09,opus_4_8_multi,Opus 4.8,multi-target,9,True,732.6201034311,PXDesign,diffusion,SolubleMPNN,False,0,,none,False,,,"Protenix (ptxv2), 1 seed per screen",,,SolubleMPNN,5,3,2,1,bb_2be5c20411,,lin_93678e44ba,all-α,71,138.2527161776016,-1.5749752521514893,3.4402,1,de9cc828-48da-5c9d-b847-f11b8d175425
opus_4_8_multi_target_trem2_rank10,opus_4_8_multi,Opus 4.8,multi-target,10,True,38.4517779068,Genie3,diffusion,SolubleMPNN,False,0,,none,False,,,"Protenix (ptxv2), 1 seed per screen",,,SolubleMPNN,5,3,2,1,bb_f9bf263ab0,,lin_ef13597318,all-α,85,882.2082125800215,-1.2921994924545288,2.9681,0,057e4918-bfca-572f-9601-ae7bbe4d90df
opus_4_8_multi_target_trem2_rank11,opus_4_8_multi,Opus 4.8,multi-target,11,True,3.9928584831,PXDesign,diffusion,SolubleMPNN,False,0,,none,False,,,"Protenix (ptxv2), 1 seed per screen",,,SolubleMPNN,5,3,2,1,bb_84e6df951a,,lin_bdf8885792,all-α,71,369.8326626947854,-1.598369598388672,3.1617,1,2697ce63-13f0-5801-9f2f-02c4441b3077
opus_4_8_multi_target_trem2_rank12,opus_4_8_multi,Opus 4.8,multi-target,12,True,4.0144021695,Genie3,diffusion,SolubleMPNN,False,0,,none,False,,,"Protenix (ptxv2), 1 seed per screen",,,SolubleMPNN,5,3,2,1,bb_dba1a1bfe3,,lin_acbbec0591,all-α,87,273.9827972447376,-1.847375988960266,3.4312,0,58687f73-a47e-58b2-8207-43cd0e52c16b
opus_4_8_multi_target_trem2_rank13,opus_4_8_multi,Opus 4.8,multi-target,13,True,0.5967691366,PXDesign,diffusion,SolubleMPNN,False,0,,none,False,,,"Protenix (ptxv2), 1 seed per screen",,,SolubleMPNN,5,3,2,1,bb_89819380d9,,lin_7f0f9b8181,all-α,71,237.5379232099845,-1.4687224626541138,3.3182,0,8b60f4cc-6164-514c-81c6-857d6d0b11c4
opus_4_8_multi_target_trem2_rank14,opus_4_8_multi,Opus 4.8,multi-target,14,True,14.0103273567,PXDesign,diffusion,SolubleMPNN,False,0,,none,False,,,"Protenix (ptxv2), 1 seed per screen",,,SolubleMPNN,5,3,2,1,bb_2be5c20411,,lin_7facc388d6,all-α,71,102.40909007206332,-1.664809226989746,3.3915,1,5bea23e8-09ac-513b-abb9-c7210741f168
opus_4_8_multi_target_trem2_rank15,opus_4_8_multi,Opus 4.8,multi-target,15,True,0.9451168358,PXDesign,diffusion,SolubleMPNN,False,0,,none,False,,,"Protenix (ptxv2), 1 seed per screen",,,SolubleMPNN,5,3,2,1,bb_3937d9a175,,lin_802c39b7ce,all-α,71,137.39990293375115,-1.69395649433136,3.3398,0,86756535-afe0-53d2-b505-e06c04c4818a
opus_4_8_multi_target_trem2_rank16,opus_4_8_multi,Opus 4.8,multi-target,16,True,33.2981012709,RFdiffusion3,diffusion,SolubleMPNN,False,0,,none,False,,,"Protenix (ptxv2), 1 seed per screen",,,SolubleMPNN,5,3,2,1,bb_a651b8453b,,lin_64f742f895,all-α,56,23.866242232405607,-1.381379008293152,3.5359,0,c3000597-3776-5006-954f-29d115de30f7
opus_4_8_multi_target_trem2_rank17,opus_4_8_multi,Opus 4.8,multi-target,17,True,23.1,Genie3,diffusion,SolubleMPNN,False,0,,none,False,,,"Protenix (ptxv2), 1 seed per screen",,,SolubleMPNN,5,3,2,1,bb_dba1a1bfe3,,lin_5e15d1d376,all-α,87,354.25356761660225,-1.8942418098449707,3.2877,0,30db2496-d41b-57f8-b6af-30d311c5fbe0
opus_4_8_multi_target_trem2_rank18,opus_4_8_multi,Opus 4.8,multi-target,18,True,0.161,Genie3,diffusion,SolubleMPNN,False,0,,none,False,,,"Protenix (ptxv2), 1 seed per screen",,,SolubleMPNN,5,3,2,1,bb_07594eb5cb,,lin_bcbfa32d35,all-α,85,801.9573796667627,-1.4344887733459473,3.0358,1,553da3c2-bdbb-5784-8dc7-afde22c88c5e
opus_4_8_multi_target_trem2_rank19,opus_4_8_multi,Opus 4.8,multi-target,19,False,,PXDesign,diffusion,SolubleMPNN,False,0,,none,False,,,"Protenix (ptxv2), 1 seed per screen",,,SolubleMPNN,5,2,1,1,bb_a42e8fc9a7,,lin_1cf84b4104,all-α,71,689.9460815570488,-1.1804018020629885,2.8536,0,0a543761-e7c3-57e0-b749-88cae66f7c54
opus_4_8_multi_target_trem2_rank20,opus_4_8_multi,Opus 4.8,multi-target,20,True,72.0,PXDesign,diffusion,SolubleMPNN,False,0,,none,False,,,"Protenix (ptxv2), 1 seed per screen",,,SolubleMPNN,5,2,1,1,bb_f12911933a,,lin_8396b6330a,all-α,71,374.4247262110629,-1.5075175762176514,3.3228,0,71bde4d4-2082-548b-ba51-1948cf12ea15
opus_4_8_multi_target_trem2_rank21,opus_4_8_multi,Opus 4.8,multi-target,21,True,2.3168479325,Genie3,diffusion,SolubleMPNN,False,0,,none,False,,,"Protenix (ptxv2), 1 seed per screen",,,SolubleMPNN,5,3,2,1,bb_07594eb5cb,,lin_35d4b290b5,all-α,85,680.0846612535205,-1.3930940628051758,3.0838,0,3c3738f8-fbf2-5110-9c64-c40ecb19e041
opus_4_8_multi_target_trem2_rank22,opus_4_8_multi,Opus 4.8,multi-target,22,False,,Genie3,diffusion,SolubleMPNN,False,0,,none,False,,,"Protenix (ptxv2), 1 seed per screen",,,SolubleMPNN,5,3,2,1,bb_58d3ed5e56,,lin_6cb30dfa8f,all-α,79,383.5915089075156,-1.403234601020813,3.4726,0,fcaa2644-257f-5bf1-be19-13439e9a7344
opus_4_8_multi_target_trem2_rank23,opus_4_8_multi,Opus 4.8,multi-target,23,True,804.026798668,RFdiffusion3,diffusion,SolubleMPNN,False,0,,none,False,,,"Protenix (ptxv2), 1 seed per screen",,,SolubleMPNN,5,3,2,1,bb_a651b8453b,,lin_ae28c5b7e9,mixed α/β,56,25.843859662456715,-1.4756819009780884,3.6425,0,bcab6988-d640-52de-900d-33c4fd3449ae
opus_4_8_multi_target_trem2_rank24,opus_4_8_multi,Opus 4.8,multi-target,24,True,1.3752074209,PXDesign,diffusion,SolubleMPNN,False,0,,none,False,,,"Protenix (ptxv2), 1 seed per screen",,,SolubleMPNN,5,2,1,1,bb_e0c4577299,,lin_9d60b13b7a,all-α,71,224.73079976004888,-1.9377497434616089,3.3257,0,24a04aeb-f53f-57d2-a461-f1230e9ac098
opus_4_8_multi_target_trem2_rank25,opus_4_8_multi,Opus 4.8,multi-target,25,False,,Genie3,diffusion,SolubleMPNN,False,0,,none,False,,,"Protenix (ptxv2), 1 seed per screen",,,SolubleMPNN,5,2,1,1,bb_481d8cc06a,,lin_c106d752f6,all-α,82,1342.8728720360386,-1.1280567646026611,2.716,0,483962cd-6011-5eb2-850e-c71136d27a8d
opus_4_8_multi_target_trem2_rank26,opus_4_8_multi,Opus 4.8,multi-target,26,True,500.0,Genie3,diffusion,SolubleMPNN,False,0,,none,False,,,"Protenix (ptxv2), 1 seed per screen",,,SolubleMPNN,5,3,2,1,bb_58d3ed5e56,,lin_b3b4908707,all-α,79,362.284466524563,-1.370029091835022,3.4711,0,b595b2d1-0011-59f0-ac8d-fc6c71522a3b
opus_4_8_multi_target_trem2_rank27,opus_4_8_multi,Opus 4.8,multi-target,27,False,,RFdiffusion3,diffusion,SolubleMPNN,False,0,,none,False,,,"Protenix (ptxv2), 1 seed per screen",,,SolubleMPNN,5,3,2,1,bb_ffd34760cb,,lin_59f21ec1da,all-α,86,137.49296208980465,-1.055185317993164,3.4149,0,cd70ff86-7e5b-52cf-99b7-8331822ccf95
opus_4_8_multi_target_trem2_rank28,opus_4_8_multi,Opus 4.8,multi-target,28,False,,Genie3,diffusion,SolubleMPNN,False,0,,none,False,,,"Protenix (ptxv2), 1 seed per screen",,,SolubleMPNN,5,2,1,1,bb_68c192fd00,,lin_0ea24a3e52,all-α,67,748.7711773718025,-1.434496283531189,3.1701,0,259d3571-3dff-5f08-9cc9-087ffcf26887
opus_4_8_multi_target_trem2_rank29,opus_4_8_multi,Opus 4.8,multi-target,29,False,,Genie3,diffusion,SolubleMPNN,False,0,,none,False,,,"Protenix (ptxv2), 1 seed per screen",,,SolubleMPNN,5,2,1,1,bb_2ec0190c84,,lin_a493e37290,all-α,60,185.28912291077177,-1.7152364253997805,3.2343,0,e3ef1dcc-85f1-588c-8693-e4c06cf83356
opus_4_8_multi_target_trem2_rank30,opus_4_8_multi,Opus 4.8,multi-target,30,False,,Genie3,diffusion,SolubleMPNN,False,0,,none,False,,,"Protenix (ptxv2), 1 seed per screen",,,SolubleMPNN,5,2,1,1,bb_25e21d0890,,lin_68b8785859,all-α,59,42.36131109066896,-1.7452667951583862,3.3658,0,c9b6daa5-45ad-5052-a4e7-aedefdef196f
